BLK words,frequency
and,1061
the,809
blackrock,571
for,218
with,211
that,206
management,200
its,186
investment,147
are,142
bis,124
sustainability,122
disclosure,118
esg,100
employees,97
not,94
information,90
risk,90
their,85
this,84
including,81
business,80
which,79
company,79
criteria,71
sasb,70
human,69
companies,69
standards,67
employee,66
policy,65
engagement,64
rights,62
all,59
where,57
risks,57
inc,57
approach,55
related,55
from,55
sustainable,54
funds,54
has,53
financial,53
global,49
any,49
these,47
capital,47
activities,45
clients,45
firm,45
team,44
through,43
policies,43
efforts,43
practices,42
public,42
impact,42
social,42
environmental,42
under,41
health,41
such,41
issues,40
support,40
material,40
may,39
term,39
have,39
long,38
other,38
well,37
safety,37
available,37
asset,36
reporting,36
also,35
climate,35
description,35
strategy,35
metrics,34
year,34
data,34
review,34
investors,33
fund,33
how,33
investments,33
about,32
they,31
liquidity,31
report,31
political,31
integration,31
provide,31
board,30
was,30
those,30
products,29
across,29
processes,29
total,29
more,29
operations,29
discussion,28
natural,28
corporate,28
stewardship,28
see,28
relevant,28
conduct,27
goals,27
principles,27
analysis,27
benefits,26
market,26
value,26
assets,26
believes,26
local,26
help,26
securities,26
opportunities,25
strategies,25
december,25
communities,25
deloitte,25
diversity,25
voting,24
into,24
form,24
community,24
portfolio,24
applicable,24
can,24
governance,24
our,24
dedicated,23
suppliers,23
statements,23
investing,23
progress,23
code,23
will,23
were,22
responsible,22
supply,22
factors,22
development,22
diverse,22
against,21
reviews,21
committed,21
quantitative,21
chain,21
ungc,21
included,21
subject,21
does,21
managers,21
impacts,21
services,21
disclosures,20
accordingly,20
contributions,20
portfolios,20
new,20
time,20
ethics,19
regulations,19
each,19
managing,19
trade,19
laws,19
include,19
made,18
associated,18
within,18
address,18
one,18
performance,18
regulatory,18
associations,18
below,18
based,18
work,18
product,18
program,18
annual,17
end,17
addition,17
part,17
section,17
consistent,17
process,17
being,17
non,17
standard,17
includes,17
meet,17
proposals,17
shareholder,17
directors,17
programs,17
executive,17
over,17
dei,16
note,16
aum,16
action,16
industry,16
manage,16
additional,16
teams,16
should,16
legal,16
level,16
provides,16
labor,16
resources,16
party,16
assurance,16
forward,16
international,16
client,15
behalf,15
concerns,15
organizations,15
january,15
framework,15
considered,15
disclose,15
managed,15
oversight,15
website,15
environment,15
priorities,15
eligible,15
million,15
third,15
while,15
engaged,15
specific,15
defines,14
aligned,14
given,14
when,14
stakeholders,14
required,14
designed,14
assessment,14
reports,14
considerations,14
objectives,14
looking,14
but,14
exposure,14
appropriate,14
describe,14
please,14
express,14
conclusion,14
respect,14
topics,14
set,14
expectations,13
change,13
creation,13
make,13
anti,13
supplier,13
identify,13
committee,13
frameworks,13
potential,13
screens,13
different,13
senior,13
research,13
biodiversity,13
positions,13
them,13
provided,13
group,13
talent,12
markets,12
limited,12
sec,12
certain,12
screened,12
engages,12
whether,12
due,12
harassment,12
discuss,12
better,12
charitable,12
focused,12
shareholders,12
key,12
paid,12
metric,12
been,12
understand,12
inclusion,12
basis,12
who,12
number,12
covered,11
representation,11
could,11
integrated,11
focus,11
order,11
institutional,11
monetary,11
relating,11
equity,11
response,11
compliance,11
training,11
many,11
united,11
specified,11
redemptions,11
offers,11
best,11
procedures,11
employment,11
two,11
job,11
open,11
responsibility,11
publicly,11
transparency,11
partnerships,11
accordance,11
line,11
exhibit,11
increase,11
considers,11
regarding,11
result,11
mutual,11
tcfd,11
guidelines,11
racial,10
baseline,10
trading,10
federal,10
ecological,10
access,10
custody,10
feedback,10
culture,10
expects,10
views,10
women,10
used,10
proposal,10
matters,10
customers,10
advance,10
had,10
developed,10
registered,10
operates,10
engage,10
use,10
there,10
annually,10
leaders,10
active,10
diligence,10
working,10
seeks,10
volunteering,10
defined,10
assertion,10
fair,9
out,9
proceedings,9
foundation,9
variety,9
economic,9
between,9
statement,9
above,9
workplace,9
internal,9
commitment,9
important,9
groups,9
function,9
advisory,9
credit,9
lending,9
incorporation,9
corruption,9
security,9
actions,9
custodian,9
both,9
emergency,9
engagements,9
association,9
institute,9
private,9
encourages,9
rqa,9
net,9
people,9
following,9
broker,9
equal,9
opportunity,9
covid,8
percentage,8
transactions,8
physical,8
globally,8
assumptions,8
promote,8
networks,8
discussed,8
transition,8
disclosed,8
conducted,8
quality,8
most,8
several,8
organization,8
during,8
land,8
sector,8
growth,8
collateral,8
decisions,8
established,8
members,8
act,8
themes,8
makes,8
volunteer,8
energy,8
build,8
issue,8
classification,8
initiative,8
activity,8
american,8
cash,8
wide,8
range,8
ended,8
reasonable,8
supports,8
solutions,8
com,8
amount,8
reported,8
states,8
gifts,8
life,8
real,8
voted,8
participation,7
workers,7
independent,7
employ,7
leadership,7
communication,7
plans,7
initiatives,7
eeo,7
philanthropic,7
businesses,7
banks,7
topic,7
separate,7
universal,7
accountable,7
aware,7
owned,7
objective,7
veteran,7
list,7
per,7
arise,7
reduce,7
role,7
system,7
indigenous,7
external,7
makers,7
retail,7
case,7
apply,7
permitted,7
partners,7
engaging,7
assessments,7
committees,7
maintains,7
plan,7
individuals,7
black,7
finance,7
etfs,7
platform,7
incorporate,7
world,7
swing,7
accounting,7
regularly,7
than,7
rule,7
vendor,7
guide,7
requirements,7
detailed,7
ethnic,7
regulation,7
learning,7
monitoring,7
ishares,7
competitive,7
characteristics,7
represents,7
derivatives,7
future,7
advanced,7
events,6
minimum,6
found,6
contribution,6
integrity,6
borrower,6
exchange,6
adopt,6
insights,6
state,6
necessary,6
areas,6
retirement,6
additionally,6
identified,6
informed,6
proxy,6
marketing,6
maintain,6
manager,6
votes,6
presentation,6
purpose,6
kind,6
take,6
table,6
boards,6
only,6
index,6
concern,6
control,6
commission,6
participant,6
strategic,6
workforce,6
taking,6
stated,6
own,6
pac,6
effectiveness,6
differ,6
insurance,6
communications,6
institutions,6
losses,6
beyond,6
class,6
years,6
subsidiaries,6
needs,6
upon,6
loan,6
philanthropy,6
clear,6
common,6
among,6
need,6
forced,6
stakeholder,6
types,6
presented,6
opinion,6
category,6
core,6
reviewed,6
levels,6
mechanisms,6
sources,6
around,6
investor,6
facilities,6
minority,6
officer,6
council,6
pricing,6
operate,6
governments,6
principal,6
updated,6
continued,6
options,6
gender,6
professional,6
grants,6
inclusive,5
outside,5
election,5
trust,5
february,5
benefit,5
consumer,5
incentives,5
conditions,5
chief,5
financially,5
example,5
takes,5
general,5
style,5
compensation,5
professionals,5
primary,5
default,5
high,5
trends,5
outcomes,5
incorporating,5
demonstrate,5
entities,5
require,5
resilience,5
modified,5
forests,5
carbon,5
notes,5
water,5
air,5
likely,5
covering,5
significant,5
improve,5
reflect,5
emissions,5
low,5
ability,5
raised,5
way,5
taken,5
requires,5
complaints,5
law,5
free,5
child,5
refer,5
changes,5
violations,5
providing,5
sdgs,5
materiality,5
since,5
scenario,5
inherent,5
towards,5
fees,5
broad,5
relations,5
fully,5
protection,5
account,5
btc,5
evidence,5
interests,5
discrimination,5
supported,5
further,5
memberships,5
providers,5
renewable,5
adverse,5
protect,5
invests,5
membership,5
relief,5
encourage,5
exposures,5
www,5
emotional,5
compact,5
societal,5
period,5
traded,5
defense,5
hiring,5
effective,5
government,5
least,5
collective,5
therefore,5
broader,5
refers,5
cover,5
held,5
increasing,5
fec,5
accuracy,5
because,5
network,5
depth,5
without,4
vote,4
others,4
temporary,4
initiated,4
assess,4
offered,4
quarterly,4
children,4
position,4
papers,4
short,4
some,4
affected,4
disabled,4
direct,4
hispanic,4
first,4
called,4
serve,4
series,4
launched,4
virtual,4
participate,4
native,4
ifc,4
asian,4
hires,4
past,4
comply,4
higher,4
recruitment,4
actively,4
language,4
would,4
forum,4
mental,4
letters,4
skills,4
matched,4
dollar,4
led,4
matching,4
gppg,4
although,4
lobbying,4
costs,4
summary,4
preferences,4
pandemic,4
illness,4
iso,4
utilizes,4
violators,4
retaliation,4
instances,4
safe,4
making,4
critical,4
recruiting,4
various,4
agent,4
indemnification,4
region,4
relationship,4
type,4
approval,4
materials,4
funding,4
official,4
approximately,4
ecosystem,4
area,4
commitments,4
current,4
offering,4
regulators,4
transparent,4
monitor,4
view,4
borrowing,4
illegal,4
unethical,4
three,4
building,4
monitors,4
enterprise,4
redemption,4
brokers,4
lrag,4
ensure,4
age,4
sourcing,4
facilitate,4
relationships,4
aligning,4
seeking,4
individual,4
asia,4
explicitly,4
hold,4
directly,4
savings,4
classes,4
examples,4
approaches,4
implementation,4
executives,4
written,4
robust,4
ownership,4
outlines,4
details,4
every,4
means,4
mix,4
affect,4
return,4
positive,4
income,4
full,4
alongside,4
maintained,4
bll,4
returns,4
develops,4
oversees,4
respective,4
japan,4
priority,4
became,4
ten,4
demographic,4
regional,4
countries,4
perform,4
regionally,4
together,4
australia,4
employs,4
profile,4
fiduciary,4
zero,4
implications,4
focuses,4
operational,4
establish,4
comprised,4
bsi,4
thematic,4
sets,4
aspects,4
filed,4
sectors,4
align,4
forth,4
themed,4
nations,4
continue,4
explain,4
documentation,3
disciplinary,3
payments,3
prohibits,3
bribery,3
ucits,3
hotline,3
become,3
described,3
whistleblower,3
interfund,3
off,3
loans,3
helps,3
average,3
financing,3
regular,3
nonprofit,3
relates,3
payment,3
find,3
overall,3
fostering,3
page,3
selection,3
vary,3
developing,3
stock,3
accountability,3
appropriately,3
wellbeing,3
same,3
entity,3
proprietary,3
qualified,3
meaningful,3
adoption,3
alternative,3
veterans,3
cost,3
analytics,3
supporting,3
dues,3
disabilities,3
nearly,3
calls,3
days,3
jurisdictions,3
mission,3
stress,3
place,3
derivative,3
llp,3
foundations,3
located,3
ilo,3
touche,3
globe,3
offices,3
consultation,3
did,3
updates,3
steps,3
unregistered,3
director,3
eap,3
communicates,3
voluntary,3
families,3
repurchase,3
convention,3
consultants,3
serves,3
question,3
adopted,3
published,3
investee,3
however,3
component,3
candidates,3
aimed,3
deforestation,3
context,3
preserving,3
document,3
interest,3
conflicts,3
enhancing,3
estimates,3
ways,3
flexible,3
fixed,3
personal,3
affecting,3
results,3
expand,3
throughout,3
systemic,3
reform,3
determined,3
applied,3
refine,3
either,3
multi,3
increases,3
planet,3
ethnicity,3
single,3
ent,3
mandate,3
outcome,3
pursuit,3
iigcc,3
moreover,3
owners,3
recommendations,3
force,3
officials,3
screening,3
addresses,3
latino,3
african,3
task,3
spectrum,3
billion,3
march,3
requests,3
challenges,3
prevent,3
pose,3
chamber,3
reputational,3
commerce,3
adjusted,3
occupational,3
perspectives,3
uses,3
experiences,3
hired,3
spending,3
centers,3
estate,3
indicators,3
modifications,3
historical,3
forms,3
proposed,3
travel,3
event,3
promotion,3
member,3
manages,3
preparedness,3
finally,3
termination,3
preventing,3
strongly,3
advancing,3
obligations,3
expected,3
enhance,3
actionable,3
meaning,3
partnership,3
female,3
documenting,3
understanding,3
infrastructure,3
implement,3
shape,3
projects,3
conservation,3
greater,3
achieve,3
accounts,3
enable,3
latinx,3
wages,3
similar,3
define,3
naming,3
underserved,3
wealth,3
practice,3
accessible,3
relation,3
model,3
unable,3
disclosing,3
meeting,3
reach,3
materially,3
experience,3
outreach,3
allow,3
responses,3
contractors,3
money,3
audit,3
distribute,3
execution,3
iii,3
insufficient,3
signal,3
performed,3
fairly,3
filings,3
registration,3
assessing,3
outlined,3
improvements,3
determine,3
size,3
determines,3
reliant,3
rules,3
accelerate,3
structures,3
matter,3
minerals,3
revi,3
raise,3
nonprofits,3
awareness,3
alignment,3
ghg,3
investigations,3
contribute,3
announced,3
litigations,3
emerging,3
request,3
civil,3
performing,3
economy,3
special,3
advisor,3
aicpa,3
basic,3
criterion,3
cop,3
depending,3
rationale,3
issued,3
record,3
sales,3
sound,3
right,3
dealer,3
enhanced,3
present,3
existing,3
generate,2
operating,2
site,2
sponsorship,2
roles,2
grassroots,2
intends,2
unique,2
factored,2
intention,2
corporation,2
planning,2
identifying,2
measurable,2
vision,2
revie,2
foster,2
interactive,2
impacted,2
toward,2
pollution,2
november,2
accompanying,2
cities,2
major,2
hcm,2
investm,2
worker,2
dialogue,2
attestation,2
protections,2
influence,2
measurement,2
appointed,2
definition,2
choice,2
june,2
aforementioned,2
balanced,2
bai,2
strong,2
inequity,2
pays,2
uncertainty,2
avoid,2
succeed,2
omitting,2
early,2
caregivers,2
push,2
applicants,2
treatment,2
heightens,2
share,2
phase,2
attention,2
aggregate,2
discounted,2
complies,2
reasons,2
upholding,2
named,2
retained,2
goal,2
terms,2
cultivating,2
scrutiny,2
measures,2
sustained,2
referred,2
entrepreneurs,2
scale,2
involvements,2
success,2
attributes,2
depository,2
promoting,2
conventions,2
proxies,2
bank,2
qualify,2
connected,2
equitable,2
equipment,2
trustee,2
attracting,2
definitive,2
search,2
closures,2
profit,2
parts,2
play,2
instituted,2
visibility,2
holdings,2
speak,2
rigorous,2
feel,2
package,2
advocated,2
hire,2
responded,2
california,2
allies,2
trillion,2
york,2
like,2
sponsored,2
design,2
small,2
elected,2
increasingly,2
freedom,2
green,2
standardization,2
addressing,2
prioritizes,2
participates,2
summit,2
unveiled,2
knowledge,2
date,2
carta,2
sfdr,2
implementing,2
wildfires,2
point,2
terra,2
sit,2
sufficiently,2
relevance,2
decision,2
look,2
extensive,2
belongs,2
pacific,2
excess,2
legally,2
what,2
waste,2
jurisdiction,2
agrees,2
white,2
gained,2
launching,2
offerings,2
addressed,2
intent,2
voluntarily,2
discloses,2
amongst,2
main,2
efficiency,2
lies,2
urgency,2
regulate,2
developments,2
tech,2
expressly,2
national,2
landscape,2
might,2
studies,2
temperature,2
kingdom,2
partnering,2
inform,2
comparable,2
particular,2
recently,2
implemented,2
hours,2
bias,2
discusses,2
disability,2
obtain,2
arising,2
move,2
arrangement,2
believe,2
calculation,2
release,2
targeted,2
detail,2
construction,2
tab,2
vii,2
cbp,2
undertake,2
met,2
totaling,2
calculated,2
gloves,2
prevention,2
inspections,2
face,2
pre,2
historically,2
industrial,2
illustrate,2
learn,2
delivery,2
declaration,2
issuers,2
evaluate,2
enabling,2
perspective,2
top,2
graduate,2
glove,2
authority,2
backgrounds,2
billions,2
yoy,2
singapore,2
sponsoring,2
restrictions,2
injury,2
consideration,2
supervision,2
identifies,2
respectful,2
asks,2
combat,2
constituent,2
substance,2
adviser,2
still,2
innovative,2
advisers,2
advs,2
otherwise,2
less,2
expenses,2
contained,2
driving,2
prospectus,2
targets,2
domicile,2
shares,2
much,2
tailored,2
gri,2
legislation,2
advisors,2
dealers,2
scope,2
unit,2
closed,2
regimes,2
vehicles,2
construed,2
counseling,2
discussions,2
testing,2
leveraging,2
reinforced,2
application,2
employed,2
explaining,2
aged,2
done,2
education,2
agreements,2
uphold,2
evaluating,2
counterparty,2
malpractice,2
manipulation,2
behavior,2
insider,2
fraud,2
mining,2
sleep,2
gives,2
transferrable,2
evaluates,2
gain,2
involvement,2
weighted,2
articulated,2
representing,2
april,2
clearly,2
assistance,2
requirement,2
involved,2
creating,2
treaties,2
america,2
viewpoints,2
endowments,2
https,2
charities,2
introduced,2
expenditures,2
comments,2
exempt,2
versus,2
north,2
eight,2
municipal,2
informing,2
sustain,2
ensuring,2
returning,2
resiliency,2
commodity,2
office,2
middle,2
balancing,2
properly,2
effectively,2
then,2
extent,2
documents,2
daily,2
october,2
functions,2
six,2
accurate,2
ethical,2
initial,2
exhaustive,2
registrations,2
essential,2
facilitates,2
assure,2
legislative,2
until,2
serving,2
adhere,2
assuring,2
ngc,2
donations,2
prospective,2
intermediaries,2
manner,2
advocacy,2
europe,2
misleading,2
organized,2
ratified,2
funded,2
comment,2
corporations,2
emea,2
indicates,2
importance,2
recommendation,2
evolving,2
numerous,2
partner,2
ballot,2
grow,2
incorporates,2
overseeing,2
connectivity,2
custodial,2
complex,2
country,2
meets,2
incomes,2
allows,2
deliver,2
investigation,2
amounts,2
military,2
governing,2
operated,2
statistics,2
minimize,2
moderate,2
indicator,2
medical,2
rulemaking,2
recognizes,2
comprehensive,2
stronger,2
bulletins,2
submit,2
adequate,2
retention,2
reimbursement,2
sexual,2
integrate,2
second,2
acts,2
administration,2
completeness,2
creates,2
prior,2
healthy,2
expanding,2
underpin,2
aligns,2
applies,2
times,2
divisions,2
hong,2
fall,2
breadth,2
even,2
kong,2
regard,2
composition,2
executes,2
create,2
encompasses,2
seek,2
iard,2
meetings,2
effect,2
coverage,2
represent,2
counterparties,2
administrators,2
stance,2
drive,2
practical,2
lead,2
living,2
advocates,2
investigated,2
explained,2
conducts,2
bonds,2
technology,2
zicklin,2
collectively,2
cpa,2
benchmarks,2
tools,2
consistency,2
good,2
advice,2
domiciled,2
transaction,2
faith,2
oversee,2
complete,2
overview,2
everyday,2
affirmative,2
units,2
parental,2
deliberate,2
lgbtq,2
generally,2
interaction,2
currently,2
considering,2
care,2
adopting,2
goods,2
leave,2
wastewater,2
operationally,2
equivalent,2
selling,2
feasible,2
recommended,2
setting,2
creati,1
facts,1
ups,1
usage,1
contain,1
citizenship,1
debates,1
protocols,1
mastercard,1
gtn,1
employers,1
policymakers,1
formalized,1
plant,1
outlining,1
trees,1
recordkeepers,1
elsewhere,1
voya,1
platforms,1
litigation,1
augmented,1
prevented,1
contains,1
basin,1
lower,1
media,1
containing,1
contaminated,1
discharging,1
harmed,1
nonetheless,1
equities,1
ngos,1
ecosystems,1
criticized,1
negative,1
previously,1
forestry,1
frequency,1
room,1
heavy,1
metals,1
power,1
incremental,1
situation,1
questioned,1
upskilling,1
gaps,1
concerned,1
remained,1
ceo,1
copper,1
chairman,1
restoration,1
respectively,1
installation,1
recent,1
mines,1
recognized,1
whose,1
chains,1
particularly,1
preservation,1
rely,1
harnessed,1
mitigated,1
assessed,1
faced,1
fragile,1
intact,1
reserved,1
amazon,1
southeast,1
gov,1
rich,1
rainforest,1
abilities,1
atwww,1
feature,1
defining,1
derived,1
freshwater,1
oceans,1
trademark,1
asking,1
proctor,1
gamble,1
pace,1
rigor,1
dependencies,1
eliminate,1
degradation,1
models,1
resolved,1
responsive,1
consultant,1
bring,1
accelerator,1
duty,1
update,1
actual,1
jobs,1
signatories,1
collaborates,1
locations,1
scientists,1
citizen,1
putting,1
path,1
anticipated,1
laboratoria,1
echoing,1
fellowship,1
draper,1
richards,1
stable,1
assumes,1
kaplan,1
fellows,1
students,1
placement,1
pursues,1
readiness,1
decouple,1
uncertainties,1
cautions,1
credentials,1
finding,1
doorstep,1
restore,1
credentialing,1
consider,1
sell,1
refugees,1
immigrants,1
upwardly,1
course,1
cause,1
standardized,1
participating,1
direction,1
moving,1
confirmed,1
preparing,1
refuaid,1
assist,1
buy,1
proactive,1
generation,1
analyzing,1
mentioned,1
deal,1
codedoor,1
habitats,1
undertaken,1
wilmington,1
specialist,1
greenfield,1
comprising,1
zip,1
project,1
monitored,1
duration,1
population,1
asterisk,1
channels,1
invested,1
assume,1
guarantee,1
indemnities,1
pledge,1
marked,1
four,1
resource,1
replace,1
resettlement,1
pledged,1
occurs,1
cultural,1
heritage,1
shortfall,1
migrant,1
student,1
contract,1
vehicle,1
capacity,1
frame,1
nine,1
adapted,1
referencing,1
assembly,1
hav,1
loss,1
maximum,1
reiterated,1
notional,1
outflows,1
carries,1
hedging,1
today,1
monies,1
triggered,1
never,1
predecessor,1
indemnified,1
light,1
margin,1
settling,1
trouble,1
webpage,1
leads,1
complexes,1
scenarios,1
monthly,1
title,1
complexity,1
confirming,1
manag,1
analyzes,1
ement,1
trades,1
executing,1
speed,1
sset,1
amplify,1
remaining,1
occurred,1
dilution,1
signatory,1
thresholds,1
source,1
opted,1
individually,1
ranges,1
hazardous,1
spread,1
dual,1
according,1
nerals,1
luxembourg,1
proceeds,1
limitations,1
base,1
iirc,1
stocks,1
prosperity,1
ibid,1
breakout,1
referenced,1
filing,1
computations,1
mathematical,1
tests,1
materia,1
inquiries,1
judgment,1
independence,1
complied,1
respects,1
examination,1
substantially,1
lity,1
concepts,1
accountants,1
certified,1
strictest,1
scalable,1
read,1
preparation,1
interpret,1
sufficient,1
linked,1
periods,1
resulted,1
input,1
methods,1
acceptable,1
calendar,1
obtaining,1
endnotes,1
measurements,1
stand,1
relevancy,1
consolidated,1
determinations,1
press,1
doing,1
exclusionary,1
centr,1
none,1
accountant,1
difference,1
staff,1
wef,1
dependent,1
detecting,1
incomplete,1
inaccurat,1
unavailable,1
hispani,1
respecting,1
works,1
guiding,1
provision,1
invalidity,1
fatalities,1
incidents,1
systems,1
just,1
quantify,1
parties,1
faces,1
fax,1
tel,1
usa,1
stamford,1
street,1
items,1
hereafter,1
crd,1
bdw,1
finra,1
secur,1
divergence,1
ities,1
pacs,1
super,1
governors,1
adversely,1
prices,1
examine,1
subsidiary,1
metro,1
lent,1
syndications,1
pooled,1
swap,1
judgement,1
insured,1
taxation,1
americas,1
roundtable,1
wind,1
ome,1
schedules,1
fee,1
variances,1
erisa,1
purposes,1
atlanta,1
city,1
liquidated,1
san,1
paris,1
charter,1
treasury,1
scaling,1
tomorrow,1
banking,1
technical,1
promise,1
ceres,1
clarifying,1
misalignment,1
inconsistency,1
periodically,1
urban,1
alliance,1
wholly,1
francisco,1
prepared,1
diverge,1
undertakings,1
endorsement,1
senate,1
oppose,1
electioneering,1
spend,1
beca,1
revenue,1
taxes,1
cftc,1
governed,1
limits,1
arena,1
apprised,1
keep,1
brief,1
closely,1
coordinated,1
submits,1
partisan,1
disbursements,1
spent,1
minus,1
schemes,1
consensus,1
networking,1
educational,1
advocate,1
equals,1
evaluation,1
inconsistencies,1
visit,1
department,1
acknowledge,1
viewed,1
disbursement,1
llc,1
click,1
bar,1
agreement,1
pursuing,1
limit,1
name,1
lines,1
belief,1
identity,1
integral,1
multiple,1
recommends,1
participated,1
invest,1
terminology,1
highlighted,1
entitled,1
sessment,1
viewpoint,1
easily,1
consulting,1
remove,1
exactly,1
understood,1
scaled,1
objectively,1
confusing,1
removing,1
item,1
insight,1
transmit,1
classifications,1
threat,1
cannot,1
compelling,1
adequacy,1
subjectivity,1
rescinded,1
amending,1
final,1
omission,1
omissions,1
guidance,1
confusion,1
starts,1
historic,1
claims,1
content,1
indicated,1
paper,1
enhancements,1
removed,1
futures,1
month,1
licensed,1
cease,1
finalized,1
sustainabil,1
similarly,1
began,1
ity,1
participants,1
european,1
establishing,1
submitted,1
consistently,1
ultimately,1
crucially,1
clarity,1
supportive,1
effort,1
liability,1
shield,1
pair,1
denoted,1
durable,1
wait,1
draw,1
ifrs,1
harmonized,1
incorporated,1
entirely,1
ext,1
ideally,1
ease,1
enough,1
contributed,1
service,1
visitor,1
principally,1
served,1
trusts,1
array,1
allocations,1
pensions,1
continents,1
varies,1
requiring,1
electronic,1
approved,1
distributed,1
questions,1
respond,1
explanations,1
directed,1
audience,1
iapd,1
affiliations,1
msci,1
rating,1
administered,1
establishes,1
contacting,1
auditing,1
concerning,1
shown,1
exceeding,1
rooted,1
itself,1
holds,1
reputation,1
characterizing,1
pages,1
publishes,1
exposed,1
waci,1
intensity,1
nature,1
communicating,1
facilitation,1
writing,1
register,1
controls,1
tenure,1
listed,1
gations,1
investi,1
ect,1
dir,1
letter,1
sponsors,1
difficult,1
distinct,1
writes,1
counts,1
links,1
adjustments,1
redundant,1
constrained,1
supervising,1
attributed,1
reviewing,1
approving,1
taxable,1
supranationals,1
sovereign,1
central,1
pension,1
tax,1
recordkeeping,1
back,1
regulated,1
performs,1
operator,1
pool,1
customer,1
orders,1
soliciting,1
literature,1
advertising,1
mandatory,1
constitute,1
asked,1
authentic,1
strengthening,1
differentiators,1
pipeline,1
retaining,1
pillars,1
remains,1
along,1
selves,1
empowered,1
things,1
alone,1
teammates,1
strive,1
why,1
groupthink,1
wanted,1
knew,1
constantly,1
continuing,1
contributing,1
embraces,1
realizing,1
efficacy,1
continuous,1
improved,1
target,1
progression,1
inspiring,1
strength,1
organizational,1
subcommittee,1
specifically,1
distinctive,1
succession,1
devotes,1
plays,1
doubling,1
carrying,1
behavioral,1
differently,1
ago,1
bribe,1
adherence,1
strengthen,1
looks,1
helping,1
firms,1
bid,1
svm,1
minorities,1
reduces,1
ineffective,1
started,1
encouraging,1
society,1
embed,1
vendors,1
primarily,1
crimes,1
body,1
corrupt,1
focusing,1
competencies,1
introduce,1
marketplace,1
men,1
founders,1
delivering,1
centric,1
foundational,1
creativity,1
indispensable,1
periodic,1
implements,1
lqbtq,1
drives,1
agents,1
transfer,1
custodians,1
post,1
gps,1
provider,1
took,1
cases,1
townhalls,1
transformative,1
produced,1
styles,1
firmwide,1
having,1
achieved,1
morescreens,1
words,1
strict,1
capitalize,1
conviction,1
quantifiable,1
explicit,1
using,1
alternatives,1
breakdown,1
screen,1
figures,1
mandates,1
assesses,1
yet,1
cohesion,1
permitting,1
custom,1
publications,1
via,1
delivers,1
producing,1
link,1
houses,1
maximize,1
integrates,1
sub,1
aggregates,1
specialized,1
facilitating,1
underlying,1
methodologies,1
determining,1
pri,1
necessarily,1
distinction,1
structural,1
drew,1
already,1
benchmarking,1
peer,1
questionnaires,1
ratings,1
articles,1
survey,1
compiled,1
hone,1
draws,1
reasonably,1
industries,1
select,1
unless,1
added,1
previous,1
supplemental,1
contents,1
supplement,1
location,1
labelling,1
materialityor,1
categorized,1
customized,1
etf,1
encompassing,1
invrel,1
emailing,1
evolves,1
evolution,1
constant,1
asserts,1
selected,1
measuring,1
quantification,1
collection,1
validity,1
proud,1
prepare,1
capitalism,1
formulate,1
shutdowns,1
canada,1
improvement,1
intended,1
binding,1
merit,1
reforms,1
procedural,1
eligibility,1
nordics,1
needed,1
choose,1
amends,1
often,1
accompanied,1
send,1
tool,1
broadly,1
longest,1
timeframe,1
unduly,1
constraining,1
alternatively,1
sense,1
workforces,1
reorganize,1
subcontractors,1
contingent,1
commentary,1
transitioned,1
compete,1
greatest,1
poses,1
waiting,1
urgent,1
ample,1
favor,1
track,1
playing,1
sees,1
going,1
failed,1
shows,1
tactical,1
preferably,1
reflected,1
reduction,1
gas,1
greenhouse,1
aspiration,1
warming,1
articulate,1
incumbent,1
counsels,1
intersect,1
expertise,1
presence,1
steadily,1
grown,1
centralized,1
reflecting,1
undertakes,1
amid,1
loyal,1
evidenced,1
incentive,1
pay,1
affordable,1
clean,1
equality,1
maps,1
evolve,1
observations,1
norms,1
mergers,1
structure,1
auditors,1
seven,1
philosophy,1
growing,1
remediation,1
enduring,1
correlated,1
incentivize,1
surveys,1
whole,1
lockdown,1
organize,1
encouraged,1
offending,1
inconsistent,1
violation,1
investigates,1
responding,1
productive,1
union,1
stereotyping,1
consent,1
attracted,1
regardless,1
overtime,1
protecting,1
fundamental,1
jurisdictional,1
commercially,1
wider,1
escalate,1
permits,1
anonymity,1
desired,1
attract,1
americans,1
aap,1
reinforce,1
founding,1
complaint,1
investigate,1
recognizing,1
conducting,1
confidentiality,1
command,1
formal,1
follow,1
seriously,1
very,1
inquiry,1
assists,1
undertaking,1
users,1
protected,1
exclusions,1
enforcing,1
domain,1
utilizing,1
able,1
wants,1
constraints,1
exclusion,1
regions,1
majority,1
inadequate,1
values,1
beliefs,1
reflects,1
expectation,1
websites,1
exclude,1
summarizes,1
emanating,1
multinational,1
tyson,1
foods,1
requesting,1
manufacturing,1
determination,1
july,1
border,1
customs,1
disposable,1
received,1
after,1
excessive,1
subjecting,1
allegations,1
watchlist,1
placed,1
rubber,1
manufacturer,1
largest,1
satisfied,1
accommodations,1
recruits,1
internationally,1
injustice,1
august,1
emergencies,1
unforeseen,1
deploying,1
taskforces,1
elevate,1
justice,1
securing,1
remainder,1
grappling,1
hit,1
hardest,1
frontline,1
food,1
deployed,1
childcare,1
unexpected,1
school,1
explosion,1
port,1
beirut,1
swept,1
wishing,1
toolkit,1
known,1
fundraisers,1
driven,1
borders,1
doctors,1
save,1
rescue,1
disasters,1
displaced,1
aid,1
ground,1
hospitals,1
donated,1
washington,1
oregon,1
disruptions,1
experienced,1
hosts,1
bonded,1
economies,1
unlawful,1
dignity,1
treated,1
exploitation,1
trafficking,1
prison,1
indentured,1
slave,1
dislocation,1
involuntary,1
stringent,1
secure,1
violated,1
promptly,1
immediately,1
complying,1
highlight,1
humanitarian,1
disaster,1
volunteerism,1
strives,1
hardship,1
immediate,1
nominating,1
budget,1
approves,1
overseen,1
large,1
approve,1
budgets,1
guided,1
underemployed,1
mobility,1
milestone,1
advised,1
donor,1
pennymac,1
societies,1
proclaimed,1
torture,1
especially,1
guides,1
explore,1
mosaic,1
come,1
old,1
proudly,1
another,1
connect,1
academies,1
paced,1
conversation,1
self,1
deepen,1
thought,1
esteemed,1
academics,1
experts,1
speakers,1
heard,1
shared,1
continues,1
add,1
eastern,1
exceed,1
designs,1
races,1
islander,1
hawaiian,1
alaska,1
administrative,1
mid,1
ation,1
comparing,1
male,1
functional,1
attrition,1
points,1
percentages,1
symbols,1
breakdowns,1
inspire,1
ongoing,1
extend,1
status,1
bringing,1
half,1
seen,1
panels,1
interview,1
interviewing,1
competency,1
mitigate,1
race,1
reflection,1
slates,1
candidate,1
endeavor,1
biased,1
potentially,1
postings,1
environments,1
changing,1
campus,1
driver,1
career,1
invited,1
starting,1
meant,1
conversations,1
speaker,1
loud,1
barriers,1
educating,1
raising,1
journey,1
adapt,1
answers,1
doesn,1
persistence,1
mindset,1
understands,1
coaching,1
flagship,1
enforces,1
visitors,1
slavery,1
confidential,1
anxiety,1
worries,1
difficulties,1
marital,1
problems,1
family,1
person,1
telephone,1
dependents,1
successful,1
convenient,1
antibodies,1
start,1
fitness,1
library,1
exercise,1
eating,1
tips,1
referral,1
subscription,1
calm,1
app,1
decent,1
privacy,1
beings,1
permissible,1
surrogacy,1
completing,1
offset,1
birth,1
fto,1
nominated,1
hour,1
matches,1
donation,1
micro,1
science,1
mind,1
thriving,1
lives,1
habits,1
enables,1
hazards,1
drills,1
fire,1
jointly,1
pests,1
chemicals,1
contagious,1
corrective,1
ergonomics,1
audits,1
pulse,1
identification,1
hazard,1
overarching,1
faceted,1
delivered,1
art,1
centrally,1
proactively,1
exercises,1
protocol,1
preventative,1
maintenance,1
virgin,1
powered,1
telemedicine,1
preventive,1
availability,1
choices,1
sweden,1
korea,1
south,1
netherlands,1
belgium,1
careers,1
accident,1
price,1
purchasing,1
purchase,1
supplies,1
trademarks,1
