BNYM words,frequency
and,1934
the,1170
our,743
mellon,611
bny,564
esg,417
for,366
with,308
enterprise,271
risk,189
business,178
report,175
that,170
are,165
management,157
this,144
employees,138
their,135
financial,132
investment,130
new,125
global,120
through,118
clients,116
responsible,104
data,104
from,102
governance,99
services,97
employee,92
more,92
including,89
approach,85
all,85
company,83
diversity,80
culture,79
social,78
year,75
board,74
corporate,74
which,73
emissions,71
have,71
other,70
gri,69
development,69
environmental,68
statement,67
solutions,67
help,67
climate,65
engagement,64
committee,62
diverse,62
program,62
progress,61
bank,61
impact,60
york,60
information,58
covid,56
its,56
leadership,55
market,55
not,55
strategy,55
support,55
these,53
energy,53
across,52
investors,51
disclosure,51
based,51
also,51
related,50
digital,50
response,50
inclusion,49
client,49
such,49
training,48
annual,47
performance,47
work,47
communities,47
conduct,47
has,47
human,47
workforce,47
scope,46
goal,46
increase,46
operations,46
equity,45
capital,44
technology,44
issues,44
over,43
goals,43
activities,43
community,43
organization,43
about,43
rights,42
practices,41
reporting,41
supplier,41
commitment,41
directors,41
world,40
risks,39
markets,39
health,39
total,39
proxy,39
kpi,39
wellbeing,39
standard,39
people,38
sustainability,38
policy,38
purpose,37
industry,37
water,37
leaders,37
economic,37
compliance,36
future,36
million,35
framework,35
executive,35
index,35
change,34
ghg,34
managers,34
will,34
policies,33
limited,33
companies,33
group,33
businesses,33
key,33
provide,33
address,33
impacts,32
efforts,32
team,32
programs,32
analytics,32
opportunities,31
third,31
chain,31
standards,31
green,31
public,31
well,31
code,31
party,31
investing,31
level,30
can,30
principles,30
provides,30
carbon,30
senior,30
number,30
into,29
securities,29
pay,29
waste,29
products,29
talent,29
was,29
political,29
sustainable,29
office,28
experience,28
pandemic,28
aspect,28
include,28
individuals,28
paper,28
racial,28
who,28
first,27
continue,27
legal,27
supply,27
process,27
initiatives,27
use,27
value,27
organizations,27
investments,27
any,27
were,27
contributions,26
working,26
verification,26
opportunity,26
focus,26
than,26
within,25
equality,25
stakeholders,25
ensure,25
them,25
critical,25
they,25
consumption,25
suppliers,24
members,24
achieve,24
meet,24
both,24
how,24
financing,24
needs,24
used,24
significant,23
investor,23
gas,23
internal,23
those,23
modern,23
slavery,23
resiliency,23
includes,23
where,23
committed,23
while,23
drive,23
resources,23
provided,23
virtual,23
association,22
payments,22
greenhouse,22
been,22
review,22
long,22
may,22
time,22
focused,22
cdp,22
skills,22
compensation,22
wide,22
enable,22
act,22
around,22
see,21
electricity,21
professional,21
groups,21
transparency,21
hours,21
best,21
advance,21
environment,21
managing,21
own,21
subject,21
learn,21
processes,21
under,21
bond,21
offer,21
assets,21
throughout,21
citizenship,20
end,20
factors,20
strong,20
finance,20
systems,20
independent,20
additional,20
need,20
branch,20
manage,20
leading,20
security,20
one,20
registered,20
due,20
representation,20
guidelines,20
building,20
learning,20
bonds,20
most,20
bono,19
asset,19
service,19
society,19
oversight,19
justice,19
research,19
years,19
pro,19
firms,19
role,19
various,19
term,19
sources,19
capabilities,19
strategic,18
conducted,18
improve,18
workplace,18
high,18
women,18
during,18
meetings,18
laws,18
committees,18
potential,18
director,18
education,18
values,18
responsibility,18
infrastructure,18
important,18
addition,18
action,18
www,17
but,17
strategies,17
two,17
institutions,17
control,17
every,17
making,17
platform,17
actions,17
small,17
topics,17
corporation,17
top,17
inclusive,17
trends,17
events,17
build,17
each,17
trust,17
among,17
reduction,17
developing,16
international,16
achieved,16
helps,16
does,16
authority,16
line,16
teams,16
member,16
female,16
real,16
disclosures,16
regulatory,16
promote,16
serve,16
maintain,16
network,16
only,16
identify,16
state,16
innovation,16
giving,16
ongoing,16
against,16
analysis,16
success,16
concerns,15
com,15
transition,15
council,15
power,15
comprehensive,15
insight,15
access,15
funds,15
local,15
black,15
expectations,15
three,15
create,15
awareness,15
part,15
portfolio,15
statements,15
benefits,15
general,15
regulation,15
neutrality,15
pershing,14
countries,14
government,14
housing,14
volunteering,14
engage,14
developed,14
recognition,14
included,14
develop,14
life,14
way,14
direct,14
treasury,14
male,14
clear,14
external,14
initiative,14
advisory,14
challenges,14
seek,14
many,14
six,14
transformation,14
assessment,14
accordance,14
federal,14
deliver,14
american,14
baseline,14
designed,14
areas,13
system,13
ways,13
account,13
stakeholder,13
competitive,13
track,13
certain,13
since,13
what,13
affordable,13
anti,13
fuel,13
assurance,13
positive,13
renewable,13
objectives,13
dei,13
billion,13
newton,13
gender,13
non,13
credit,13
brgs,13
growth,13
income,13
advocacy,13
safety,13
reach,13
membership,13
page,13
list,13
relevant,13
holistic,12
full,12
supporting,12
targets,12
projects,12
survey,12
operates,12
target,12
priorities,12
expanded,12
better,12
ethical,12
india,12
made,12
regarding,12
providing,12
metrics,12
disabilities,12
tpg,12
united,12
toward,12
set,12
body,12
guidance,12
emea,12
ceo,12
regulations,12
tcfd,12
material,12
expertise,12
area,12
criteria,12
between,12
integrity,12
volunteer,12
care,12
ownership,12
highest,11
plans,11
others,11
diligence,11
above,11
growing,11
structure,11
unique,11
healthy,11
protect,11
levels,11
early,11
leader,11
awards,11
operational,11
launched,11
overall,11
payment,11
range,11
resource,11
ethics,11
procedures,11
resilience,11
corruption,11
fraud,11
outcomes,11
active,11
candidates,11
engaging,11
personal,11
disability,11
using,11
tools,11
applicable,11
opinion,11
effective,11
ability,11
feedback,11
job,11
stewardship,11
annually,11
available,11
project,11
second,11
share,11
https,11
day,11
consecutive,11
continued,11
grants,11
firm,10
achievements,10
retention,10
trade,10
published,10
basis,10
apex,10
professionals,10
engaged,10
march,10
together,10
helping,10
equal,10
banking,10
national,10
institutional,10
participants,10
frameworks,10
london,10
expect,10
changing,10
operate,10
centers,10
below,10
evolve,10
interest,10
take,10
expand,10
individual,10
integration,10
managed,10
educational,10
measures,10
low,10
implement,10
experiences,10
shareholders,10
understanding,10
results,10
robust,10
relationships,10
regulators,10
nearly,10
campaign,10
recent,9
encourage,9
career,9
candidate,9
ireland,9
globally,9
vendor,9
december,9
signatory,9
llc,9
leverage,9
continuity,9
supports,9
when,9
cra,9
privacy,9
benefit,9
created,9
appetite,9
receive,9
supported,9
donations,9
backgrounds,9
nonprofit,9
workers,9
common,9
quality,9
regularly,9
cgnsr,9
primary,9
liquidity,9
launch,9
participate,9
variety,9
customer,9
regulated,9
families,9
example,9
methodology,9
enables,9
changes,9
base,9
savings,9
manager,9
effectiveness,9
certification,9
increasingly,9
law,9
monitor,9
estate,9
portfolios,9
shared,9
innovative,9
make,9
administration,9
societal,9
behavior,9
strength,9
minority,9
plan,9
america,9
app,9
functions,9
implemented,9
bnymellon,9
establish,9
foundation,9
volume,9
multiple,9
considering,9
north,9
monitoring,9
accountability,9
introduced,8
force,8
required,8
perspectives,8
increased,8
application,8
courses,8
content,8
offsets,8
lines,8
communications,8
thought,8
owned,8
wealth,8
offered,8
accounts,8
out,8
current,8
cybersecurity,8
center,8
singapore,8
aligned,8
protocol,8
considerations,8
award,8
least,8
asian,8
natural,8
participation,8
monetary,8
offering,8
average,8
travel,8
held,8
roles,8
election,8
specific,8
accelerate,8
consistent,8
intelligence,8
quickly,8
communication,8
cooling,8
category,8
largest,8
requirements,8
defined,8
recognized,8
result,8
colleagues,8
steam,8
negative,8
evolving,8
agent,8
sharing,8
website,8
disruptions,8
excellence,8
understand,8
some,8
trafficking,8
indirect,8
mental,8
charters,8
align,8
balance,8
ethnic,8
respond,8
advancing,8
institute,8
activity,8
same,8
options,8
facilitate,8
legislative,8
nature,8
defense,8
zero,8
servicing,8
institution,8
series,8
described,8
emerging,8
protecting,8
influence,8
reports,8
different,8
aim,7
veterans,7
component,7
aum,7
after,7
generated,7
looking,7
programming,7
measured,7
volunteerism,7
threats,7
past,7
fund,7
responsibly,7
regions,7
become,7
neutral,7
resulting,7
now,7
pac,7
today,7
advice,7
square,7
order,7
associations,7
paris,7
contribute,7
states,7
clearing,7
outreach,7
ratio,7
enhance,7
relationship,7
class,7
house,7
demonstrate,7
matching,7
completed,7
equipment,7
led,7
trustee,7
addressing,7
via,7
form,7
evaluate,7
hiring,7
notices,7
cycle,7
knowledge,7
mid,7
reduced,7
updates,7
continually,7
strive,7
iso,7
there,7
college,7
qualifications,7
continues,7
regional,7
commission,7
creating,7
priority,7
sourcing,7
applied,7
approximately,7
assess,7
stress,7
person,7
effectively,7
net,7
enabling,7
percentage,7
consistently,7
municipal,7
gigajoules,7
positions,7
guide,7
format,7
increasing,7
joules,7
lobbying,7
categories,7
registration,7
corporations,7
importance,7
gartner,7
fintech,7
heating,7
space,7
luxembourg,7
indicators,7
points,7
driven,7
rating,7
details,7
broader,7
accounting,7
family,7
tax,7
equitable,7
underlying,7
alignment,7
resilient,7
model,6
vital,6
unrest,6
pounds,6
voluntary,6
integrating,6
paid,6
lgbt,6
function,6
populations,6
exposure,6
matters,6
section,6
materials,6
issuers,6
funding,6
employment,6
subsidiaries,6
pacific,6
task,6
metric,6
organizational,6
status,6
deal,6
totaling,6
latinx,6
reduce,6
ethnicity,6
core,6
chair,6
return,6
native,6
issued,6
remote,6
therefore,6
needed,6
staff,6
globe,6
environmentally,6
doing,6
look,6
collateral,6
uses,6
views,6
issuance,6
pri,6
face,6
ensuring,6
maintaining,6
necessary,6
footprint,6
matter,6
execute,6
remuneration,6
believe,6
leverages,6
brand,6
proactive,6
offers,6
feel,6
affected,6
practice,6
collective,6
suite,6
improvements,6
emission,6
city,6
score,6
broad,6
forward,6
consider,6
crisis,6
technical,6
relative,6
nominating,6
signature,6
efficient,6
behalf,6
consulting,6
spotlight,6
nonprofits,6
reported,6
achieving,6
array,6
private,6
eight,6
date,6
decisions,6
product,6
hispanic,6
sipc,6
assessments,6
eligible,6
possible,6
purchased,6
participating,6
incorporating,6
tech,6
continuous,6
scores,6
recovery,6
decision,6
types,6
advanced,6
white,6
sponsorship,6
mandatory,6
integrate,6
able,6
you,6
fully,6
just,6
enrollment,6
lending,6
improving,6
outside,6
especially,6
cross,6
cash,6
materiality,6
inc,6
determine,6
collaboration,6
advisers,6
terms,6
equator,6
helped,6
head,6
evaluation,6
affairs,6
operating,6
sumday,5
race,5
letter,5
relations,5
locations,5
authorized,5
reinvestment,5
dialogue,5
grow,5
plays,5
officers,5
paying,5
units,5
foster,5
pledge,5
limit,5
view,5
upon,5
central,5
navigate,5
controls,5
brg,5
consistency,5
tool,5
adoption,5
digitally,5
memberships,5
improved,5
according,5
driving,5
event,5
tonnes,5
four,5
academy,5
attract,5
multiples,5
journey,5
works,5
established,5
liability,5
reflect,5
regular,5
setting,5
oregon,5
certified,5
distribution,5
faster,5
count,5
further,5
linked,5
offset,5
artificial,5
funded,5
dedicated,5
landfill,5
commitments,5
returns,5
transactions,5
bring,5
location,5
serves,5
department,5
expressed,5
upskilling,5
rtp,5
following,5
respect,5
open,5
conservation,5
mitigation,5
enhanced,5
history,5
bodies,5
ask,5
facilities,5
supervision,5
taxes,5
lead,5
principal,5
stronger,5
debt,5
plants,5
adviser,5
audit,5
implementing,5
contained,5
physical,5
demand,5
region,5
administered,5
without,5
sound,5
embedded,5
landfills,5
evidence,5
require,5
design,5
pennsylvania,5
entities,5
quarterly,5
validation,5
remain,5
along,5
efficiency,5
insurance,5
prioritize,5
must,5
sector,5
sewer,5
csr,5
alcentra,5
delivering,5
actual,5
respective,5
prevent,5
protocols,5
otherwise,5
received,5
behaviors,5
perform,5
recognize,5
applications,5
combat,5
successful,5
sets,5
productivity,5
facilitated,5
unless,5
employers,5
cases,5
relief,5
beyond,5
adjusted,5
intend,5
insights,5
discharged,5
ratings,5
money,5
experts,5
adopted,5
engagements,5
officials,5
mitigate,5
aligns,5
socially,5
associated,5
analyze,5
conversations,5
assistance,5
online,5
currently,5
steering,5
lower,5
actively,4
empower,4
catastrophe,4
recruiting,4
five,4
taking,4
custody,4
highlights,4
rules,4
powering,4
enhancing,4
revenue,4
leveraging,4
skill,4
existing,4
trading,4
incidents,4
belgium,4
geography,4
given,4
input,4
portion,4
proceedings,4
enabled,4
point,4
had,4
continuing,4
similar,4
efficiently,4
volumes,4
peer,4
valued,4
advising,4
invested,4
majority,4
empowers,4
period,4
short,4
please,4
less,4
equip,4
orientation,4
nations,4
peers,4
amsterdam,4
several,4
functional,4
actionable,4
timely,4
marketing,4
solution,4
extended,4
leave,4
remotely,4
approved,4
identified,4
thinking,4
worked,4
recommendations,4
integrated,4
loss,4
readiness,4
young,4
sold,4
times,4
scale,4
question,4
providers,4
rue,4
facility,4
updating,4
clean,4
canada,4
means,4
england,4
offices,4
study,4
asia,4
flexible,4
themes,4
lawyers,4
quarter,4
covered,4
combined,4
interviews,4
applying,4
approaches,4
philanthropy,4
pra,4
discharge,4
direction,4
reviews,4
customers,4
wbcsd,4
last,4
effluents,4
economy,4
screening,4
creation,4
fair,4
secure,4
wri,4
workspaces,4
reductions,4
firstsm,4
diversion,4
raise,4
agreements,4
mitigating,4
served,4
processing,4
built,4
dublin,4
intensity,4
mentoring,4
futurefirst,4
obligations,4
provider,4
microsoft,4
mas,4
refinitiv,4
arx,4
partnership,4
done,4
sponsored,4
invest,4
dealogic,4
record,4
cost,4
formalizing,4
remaining,4
advocate,4
produce,4
preventing,4
position,4
benchmark,4
covers,4
directly,4
fairness,4
mgrs,4
thrive,4
longevity,4
structured,4
contribution,4
began,4
era,4
tracking,4
should,4
population,4
responded,4
vendors,4
rate,4
utilizing,4
emotional,4
another,4
immediate,4
february,4
vibrant,4
implementation,4
strengthened,4
recognizing,4
electronic,4
incorporated,4
preparing,4
document,4
drives,4
show,4
advantage,4
children,4
accelerated,4
facilitates,4
entire,4
philanthropic,4
subsidiary,4
item,4
agenda,4
always,4
large,4
meeting,4
transportation,4
stockholders,4
voting,4
guff,4
retain,4
would,4
siguler,4
light,4
added,4
developments,4
skilled,4
interests,4
varied,4
safeguard,4
cuny,4
read,4
charter,4
iflow,4
systemic,4
personnel,4
aggregation,4
students,4
signatories,4
causes,4
trillion,4
sessions,4
strengthen,4
hold,4
recruitment,4
stage,4
embed,4
planet,4
allow,4
hires,4
worldwide,4
composition,4
prepare,4
themselves,4
inequities,4
internationally,4
pivoted,4
broker,4
protection,4
ltd,4
residents,4
races,4
capability,4
per,4
sustain,4
patent,4
grant,4
expenses,4
pools,4
evaluating,4
reflective,4
pending,4
technologies,3
islander,3
search,3
alaskan,3
conducting,3
cyber,3
heightened,3
conjunction,3
performing,3
located,3
rapid,3
transport,3
play,3
because,3
reskilling,3
exercise,3
indian,3
consumed,3
news,3
generally,3
foot,3
disclosed,3
noted,3
hawaiian,3
provisions,3
mwh,3
expenditures,3
recycling,3
african,3
continuously,3
expanding,3
procurement,3
even,3
governments,3
latino,3
conflicts,3
winning,3
enforcement,3
give,3
conversion,3
edition,3
violations,3
calculating,3
techniques,3
appropriate,3
reform,3
cultivating,3
rates,3
identity,3
spending,3
articles,3
yorkers,3
recycled,3
succeed,3
chaired,3
testing,3
urgent,3
discrimination,3
likely,3
reference,3
applies,3
outstanding,3
tolerance,3
contact,3
previous,3
extensive,3
productive,3
visibility,3
presented,3
contract,3
crimes,3
intermediary,3
pacs,3
connections,3
contributes,3
collection,3
assumptions,3
why,3
then,3
executing,3
reflects,3
interaction,3
coordinated,3
voice,3
leed,3
powers,3
qualified,3
listing,3
caused,3
hazardous,3
whose,3
forum,3
weeks,3
questions,3
centralized,3
focuses,3
topic,3
identifying,3
operated,3
often,3
certifications,3
met,3
forth,3
fec,3
note,3
enhancement,3
accuracy,3
counterparty,3
introduce,3
megaliters,3
partners,3
country,3
scenario,3
administrative,3
addressed,3
essential,3
step,3
australia,3
consists,3
successfully,3
hong,3
enhances,3
aims,3
strategically,3
outlines,3
basic,3
proposition,3
pursue,3
conventional,3
sbti,3
science,3
issuances,3
concerning,3
usage,3
kong,3
independently,3
surveys,3
good,3
owns,3
outlined,3
stated,3
cloud,3
satisfaction,3
formalize,3
sec,3
preferences,3
slates,3
rely,3
leads,3
positioned,3
collaborates,3
economies,3
labor,3
present,3
covering,3
identification,3
movements,3
madrid,3
derivatives,3
interconnected,3
very,3
liabilities,3
planning,3
instruments,3
partnerships,3
pressing,3
monthly,3
calls,3
collaborations,3
conferences,3
alternatives,3
boards,3
philosophy,3
found,3
additionally,3
ambassadors,3
varying,3
request,3
assist,3
departments,3
refreshment,3
cultivate,3
school,3
depend,3
despite,3
australian,3
heart,3
represent,3
technological,3
volatility,3
sales,3
considered,3
notice,3
weather,3
inequity,3
star,3
lens,3
consultant,3
issuer,3
specification,3
owners,3
simultaneously,3
organized,3
zelle,3
obligation,3
capacity,3
ever,3
dimensions,3
could,3
ethically,3
ranking,3
recipients,3
guided,3
takes,3
size,3
findings,3
positively,3
vulnerabilities,3
jurisdiction,3
put,3
exchange,3
prioritization,3
driver,3
warning,3
delivered,3
back,3
significantly,3
april,3
consideration,3
consolidate,3
policymakers,3
think,3
communicate,3
age,3
pledged,3
multiyear,3
upward,3
academic,3
directed,3
field,3
raised,3
source,3
charities,3
flows,3
reinforce,3
inform,3
latest,3
color,3
engages,3
receivables,3
consequences,3
signed,3
roundtable,3
method,3
nominees,3
challenge,3
basel,3
numbers,3
rose,3
agreement,3
boundaries,3
frequent,3
adhere,3
fortune,3
gap,3
pension,3
france,3
sexual,3
cultures,3
reached,3
purchase,3
imperative,3
connect,3
supplemental,3
university,3
represented,3
jobs,3
consent,3
fourth,3
consortium,3
retirement,3
executives,3
boundary,3
post,3
trees,3
harnessing,3
aida,3
right,3
declaration,3
germany,3
site,3
shifted,3
netherlands,3
incorporate,3
frankfurt,3
disposal,3
implications,3
wake,3
live,3
powered,3
supervisory,3
thoughtful,3
nontraditional,3
involving,3
move,3
amid,3
lihtc,3
vote,3
amendment,3
bargaining,3
injustice,3
taken,3
generate,3
joined,3
inequality,3
valuable,3
contributing,3
message,3
middle,3
distinctive,3
meaningful,3
harness,3
purchases,3
belonging,3
sense,3
circumstances,3
moderate,3
bankers,3
welcoming,3
respectful,3
differences,3
chains,3
forums,3
table,3
adapting,3
italy,3
unified,3
counsel,3
stability,3
independence,3
deposit,3
complex,3
channels,3
incentive,3
transitioned,3
specified,3
steps,3
promoted,3
milan,3
impacted,3
participated,3
named,3
greater,3
cat,3
agency,3
involvement,3
assessed,3
affirmative,2
scrutiny,2
aware,2
shape,2
acting,2
eeo,2
economically,2
aspects,2
safer,2
informed,2
much,2
production,2
transitioning,2
scarcity,2
discriminatory,2
usd,2
transparent,2
selected,2
mathematical,2
origination,2
gov,2
compensated,2
oversees,2
rising,2
competition,2
master,2
solid,2
filed,2
commissions,2
oppose,2
taxonomy,2
democratic,2
dignity,2
correct,2
reimbursed,2
objective,2
roll,2
single,2
geothermal,2
names,2
environments,2
usual,2
fulfill,2
complete,2
minimize,2
prominent,2
elements,2
harassment,2
extreme,2
pathway,2
seeks,2
entity,2
reviewing,2
tests,2
fast,2
laundering,2
dual,2
protects,2
depositary,2
benchmarking,2
directory,2
consumers,2
properties,2
metropolitan,2
segments,2
municipalities,2
users,2
stance,2
creative,2
aggregate,2
dreyfus,2
comment,2
calculation,2
estimates,2
multi,2
boutique,2
encompasses,2
specializes,2
publicly,2
traded,2
exempt,2
banks,2
dealer,2
interested,2
mandates,2
construction,2
letters,2
credits,2
lowest,2
might,2
written,2
either,2
decade,2
type,2
org,2
attendance,2
here,2
appointed,2
evaluations,2
norms,2
scheduled,2
exception,2
sbics,2
produced,2
speak,2
host,2
periodic,2
authorities,2
capture,2
uncertainties,2
disasters,2
occurred,2
structures,2
primarily,2
consequent,2
jersey,2
introducing,2
prior,2
billing,2
intended,2
wealthy,2
brochure,2
although,2
license,2
herein,2
examining,2
expert,2
pilot,2
want,2
younger,2
modules,2
wholly,2
marks,2
workshops,2
prevention,2
plsa,2
formerly,2
november,2
seeking,2
quantify,2
animal,2
icgn,2
listed,2
asking,2
european,2
food,2
corresponding,2
particularly,2
harris,2
clearance,2
rise,2
articulate,2
filings,2
clearly,2
evaluated,2
believes,2
parallel,2
traditional,2
fees,2
revenues,2
introduction,2
dealers,2
governing,2
pursuant,2
typically,2
sample,2
avs,2
june,2
chek,2
consensus,2
walter,2
scott,2
september,2
adults,2
deeply,2
intermediaries,2
automated,2
web,2
pages,2
utilized,2
effects,2
updated,2
parties,2
functioning,2
threshold,2
occupied,2
bill,2
substantial,2
inventory,2
lob,2
overseeing,2
validating,2
inherent,2
profiles,2
escalation,2
execution,2
adheres,2
encouraged,2
threat,2
confidential,2
started,2
equivalent,2
improvement,2
satisfactory,2
makes,2
disposed,2
sensitive,2
before,2
requires,2
incident,2
demonstrated,2
designs,2
adequacy,2
went,2
hotline,2
administrator,2
outlooks,2
escalate,2
resolved,2
confidence,2
crime,2
champions,2
hosted,2
numerous,2
commerce,2
bribery,2
codes,2
detail,2
dealings,2
chamber,2
comply,2
insurers,2
spend,2
performs,2
comes,2
settlement,2
potentially,2
resolution,2
enforcing,2
communicating,2
problem,2
happening,2
allowing,2
rapidly,2
periods,2
highlight,2
featured,2
compensate,2
purchasing,2
already,2
savers,2
roadmaps,2
features,2
fintechs,2
discussed,2
reshaping,2
festival,2
transform,2
disabled,2
occupancy,2
accelerating,2
incremental,2
experienced,2
wider,2
feat,2
considers,2
assesses,2
frequency,2
endeavor,2
inaugural,2
compliant,2
landscape,2
safely,2
representing,2
brings,2
offerings,2
americans,2
azure,2
incineration,2
composting,2
advocating,2
free,2
trademark,2
affiliates,2
contributed,2
reserved,2
publications,2
consist,2
irrigation,2
update,2
renovations,2
warranties,2
implied,2
particular,2
earn,2
undergoing,2
loans,2
air,2
deepen,2
january,2
bottle,2
mechanical,2
veritas,2
amplify,2
accelerator,2
talented,2
differentiate,2
intersection,2
cyberattacks,2
shifts,2
finally,2
soft,2
exceptional,2
begins,2
fundamental,2
attracting,2
usa,2
prioritized,2
puts,2
acquire,2
competencies,2
extent,2
starts,2
empowering,2
fall,2
refers,2
receiving,2
sole,2
determination,2
periodically,2
recs,2
distinct,2
gay,2
run,2
rank,2
generational,2
starting,2
encouragement,2
materially,2
evidenced,2
verify,2
racially,2
ethnically,2
finra,2
discuss,2
bolstering,2
double,2
errors,2
catalyst,2
estimated,2
formal,2
poland,2
historical,2
assertion,2
gos,2
lesbian,2
learner,2
specialized,2
discrete,2
prioritizing,2
remarkable,2
pillars,2
supportive,2
parental,2
listening,2
gather,2
screened,2
element,2
interactions,2
responding,2
discharges,2
spills,2
collaborate,2
affect,2
pickup,2
custodians,2
virtually,2
acknowledge,2
start,2
gift,2
sixth,2
percent,2
europe,2
wellness,2
integrates,2
demands,2
complexity,2
phase,2
affiliated,2
professionally,2
helpers,2
laborers,2
operatives,2
craft,2
technicians,2
understood,2
division,2
socioeconomic,2
embedding,2
accommodate,2
months,2
enrolled,2
onset,2
attestation,2
changed,2
completion,2
analyses,2
agreed,2
immediately,2
postponed,2
grew,2
appreciation,2
latin,2
racism,2
percentile,2
men,2
mobility,2
milano,2
alliances,2
belong,2
denmark,2
collect,2
tracked,2
main,2
joint,2
dynamics,2
societies,2
gave,2
street,2
summer,2
intern,2
disparities,2
vat,2
fostering,2
quay,2
creates,2
collaborating,2
dnb,2
regardless,2
sponsoring,2
whether,2
fosters,2
councils,2
ethnicities,2
fresh,2
genders,2
abilities,2
partnering,2
guides,2
develops,2
gaps,2
americas,2
partner,2
maintains,2
integral,2
toolkits,2
minorities,2
excluding,2
conversation,2
advancement,2
stepped,2
median,2
augmenting,2
half,2
shaped,2
engineers,2
decrease,2
prudential,2
week,2
fellowship,2
monitors,2
resulted,2
took,2
movement,2
extends,2
mechanisms,2
affecting,2
onboarding,2
divert,2
inside,2
brussels,2
japan,2
proof,2
parent,2
borders,2
utilization,2
fortify,2
benchmarks,2
exceed,2
gained,2
your,2
reserve,2
formed,2
defining,2
newly,2
ecb,2
careers,2
succession,2
equipping,2
promotion,2
sponsor,2
ready,2
course,2
builds,2
sustained,2
belgian,2
gain,2
contributors,2
authorised,2
intranet,2
unconscious,2
conference,2
bias,2
fca,2
examples,2
facing,2
verifying,2
language,2
counterparts,2
optimize,2
withdrawals,2
preparedness,2
effect,2
uncertainty,2
conversions,2
follows,2
self,2
methodologies,2
outline,2
normalize,2
watt,2
responses,2
officer,2
chief,2
pittsburgh,2
situation,2
guiding,2
references,2
passion,2
consultation,2
calculator,2
option,2
uniquely,2
dollars,2
backup,2
selection,2
formalization,2
indicated,2
great,2
embrace,2
goods,2
prepared,2
touchpoints,2
major,2
stressful,2
call,2
supplements,2
tips,2
btu,2
name,2
communicated,2
telehealth,2
gibbons,2
tomorrow,2
valuation,2
none,2
selecting,2
ccac,2
ended,2
consolidated,2
sent,2
ahead,2
stay,2
whole,2
unions,2
transfer,2
refining,2
broadened,2
standing,2
frontline,2
agencies,2
claims,2
sponsors,2
recover,2
downturn,2
keep,2
broadly,2
todd,2
foundational,2
words,2
vera,2
trusted,2
underserved,2
pensions,2
largely,2
equipped,2
explanation,2
educate,2
traditionally,2
targeted,2
plus,2
easily,2
select,2
terminology,2
sending,2
concrete,2
bloomberg,2
policing,2
until,2
suited,2
ideally,2
mass,2
lgbtq,2
factor,2
tailored,2
newsletter,2
connecting,2
room,2
revised,2
restrictions,2
healthcare,2
withdraws,2
costs,2
generation,2
illness,2
collectively,2
generations,2
whom,2
coverage,2
vision,2
come,2
putting,2
home,2
consume,2
regard,2
weathered,2
caring,2
qualifying,2
calendar,2
enhancements,2
matched,2
meaning,2
publish,2
match,2
apac,1
earnings,1
occurrence,1
reg,1
taitbout,1
divisione,1
undertakes,1
magnified,1
inter,1
creditor,1
nationwide,1
siren,1
abuse,1
webinar,1
boston,1
mercantil,1
substance,1
handle,1
notable,1
cedex,1
italia,1
proceeds,1
registrar,1
banco,1
swift,1
complimented,1
underway,1
disruption,1
differ,1
adaptations,1
normal,1
queen,1
describes,1
sede,1
fashion,1
proven,1
rcs,1
emphasis,1
sucursal,1
dislocations,1
folio,1
tomo,1
trademarks,1
northern,1
banques,1
reliably,1
widely,1
dcb,1
executed,1
velocity,1
belgien,1
embraced,1
hellerup,1
acted,1
mobilize,1
republication,1
retransmission,1
prohibited,1
deep,1
floor,1
strandvejen,1
currency,1
banche,1
statewide,1
dollar,1
cordusio,1
urban,1
diamantino,1
follow,1
bongiorno,1
salak,1
copenhagen,1
transitional,1
twitter,1
darajat,1
filial,1
profit,1
mike,1
danish,1
connecticut,1
jsp,1
planta,1
existential,1
bronx,1
apartments,1
giin,1
cib,1
unanticipated,1
sophisticated,1
abascal,1
calle,1
indonesian,1
neri,1
reproduction,1
philip,1
massachusetts,1
statistics,1
entering,1
administers,1
banca,1
supervisione,1
publication,1
underwriter,1
spain,1
finanstilsynet,1
indonesia,1
directsm,1
involve,1
billers,1
visualize,1
gives,1
paved,1
outcome,1
collaborative,1
automating,1
referred,1
checks,1
benefiting,1
convenient,1
contain,1
payees,1
initiate,1
kingdomand,1
individually,1
payers,1
capacities,1
transaction,1
infrastructures,1
displayed,1
fdic,1
modernization,1
transact,1
greener,1
securely,1
iiil,1
organic,1
aspirations,1
ushering,1
cis,1
tree,1
litigation,1
store,1
reliance,1
removing,1
debit,1
requirement,1
immediacy,1
cth,1
persons,1
scalable,1
rule,1
chapter,1
debits,1
enacted,1
differs,1
upcoming,1
july,1
confidently,1
obtained,1
originators,1
validations,1
eliminates,1
tch,1
consequential,1
tokenized,1
disbursement,1
describe,1
brazilian,1
investimentos,1
assumes,1
ach,1
completeness,1
recipient,1
wire,1
verified,1
ltda,1
affiliate,1
equate,1
confused,1
analyzed,1
trades,1
futures,1
seoul,1
synergies,1
korea,1
anticipate,1
umbrella,1
forecast,1
outlook,1
validate,1
insuring,1
transferring,1
recall,1
estimate,1
parameters,1
prospectuses,1
reviewed,1
inherently,1
accessed,1
taxable,1
victoria,1
structuring,1
underwriting,1
wales,1
relation,1
rid,1
entrusted,1
released,1
forwardlooking,1
rankings,1
database,1
signify,1
mushrooming,1
compatible,1
issue,1
mark,1
albridge,1
conscious,1
pty,1
dioxide,1
payables,1
tense,1
pvt,1
lockwood,1
sought,1
intentions,1
advisors,1
explanatory,1
automation,1
fluctuation,1
confirmation,1
islands,1
artemis,1
adopting,1
correcting,1
safeguards,1
receipts,1
roadmap,1
specifically,1
scaling,1
recognizes,1
nyse,1
channel,1
advisor,1
weaknesses,1
industries,1
inviting,1
players,1
fighting,1
ina,1
procuring,1
prudentiel,1
wastewater,1
proposed,1
rebaselined,1
proposals,1
calculated,1
union,1
subtracting,1
optimization,1
surrogate,1
calculates,1
submitted,1
cafeterias,1
jurisdictions,1
withdrawal,1
legislators,1
withdrew,1
bilateral,1
freshwater,1
withdrawn,1
webinars,1
bills,1
consultants,1
measure,1
chosen,1
feet,1
converted,1
unit,1
converter,1
civility,1
presence,1
bipartisan,1
entirely,1
agree,1
upstream,1
coordinate,1
commuting,1
downstream,1
leased,1
compete,1
attending,1
denominators,1
rentable,1
minimis,1
concentrated,1
elections,1
restrooms,1
losses,1
templates,1
distress,1
maternity,1
upgrading,1
salary,1
contracts,1
detect,1
clauses,1
conditions,1
underwent,1
ratified,1
destination,1
aligning,1
worker,1
matchmaking,1
substantiated,1
segmentation,1
uphold,1
touches,1
complaints,1
spaces,1
exist,1
tier,1
temporary,1
turnover,1
burn,1
hauler,1
contractor,1
constructively,1
perspective,1
alert,1
attended,1
quantity,1
fate,1
advise,1
demonstrates,1
magnifies,1
presidents,1
weconnect,1
veteran,1
runoff,1
fines,1
sanctions,1
imposed,1
dos,1
totaled,1
did,1
assisted,1
officially,1
thurgood,1
petitions,1
marshall,1
assisting,1
civil,1
telephone,1
inspire,1
arranged,1
staunch,1
sell,1
indicator,1
treat,1
unethical,1
profile,1
brands,1
headquarters,1
cover,1
contractors,1
vii,1
prosecutors,1
jails,1
transgender,1
schools,1
ratification,1
reaffirm,1
place,1
acts,1
certify,1
reflecting,1
profits,1
thorough,1
vetting,1
instituted,1
confronting,1
affirm,1
violence,1
became,1
partnered,1
alcohol,1
drug,1
define,1
jail,1
precautionary,1
principle,1
makers,1
thecityuk,1
loan,1
swaps,1
components,1
distributed,1
sifma,1
summary,1
noninterest,1
asifma,1
expense,1
implicated,1
proportion,1
confirmed,1
afme,1
monopoly,1
oil,1
febelfin,1
car,1
gasoline,1
jet,1
syndication,1
polictal,1
delegating,1
restatements,1
preserve,1
paramount,1
chairman,1
contacting,1
constitution,1
determining,1
sex,1
guaranteeing,1
court,1
complies,1
supreme,1
brief,1
emphasizes,1
amicus,1
ballot,1
disbursements,1
selves,1
republican,1
senate,1
breaches,1
footnote,1
vehicles,1
wapping,1
sir,1
warming,1
increases,1
john,1
rogerson,1
grand,1
planting,1
canal,1
dock,1
eighth,1
ebert,1
wall,1
niederlassung,1
exhibit,1
deforestation,1
biodiversity,1
habitat,1
messeturm,1
wildfire,1
friedrich,1
riverside,1
fsma,1
nbb,1
grid,1
electrical,1
legacy,1
replace,1
endeavour,1
monitored,1
threadneedle,1
pue,1
daily,1
accounted,1
methane,1
mexico,1
afforestation,1
sequestration,1
centre,1
offshore,1
cayman,1
montoyerstraat,1
nongovernmental,1
reducing,1
uptick,1
temperatures,1
demographics,1
adding,1
definition,1
polaris,1
surveillance,1
secteur,1
rated,1
portal,1
kind,1
financier,1
reputation,1
reinvests,1
anlage,1
route,1
minimal,1
arlon,1
ucits,1
lenders,1
sbic,1
aif,1
turn,1
scribe,1
vertigo,1
ruppert,1
eugene,1
lender,1
bundesanstalt,1
marie,1
measurement,1
convergence,1
curie,1
str,1
strawinskylaan,1
mines,1
wtc,1
dutch,1
chemical,1
nederlandsche,1
installations,1
expensive,1
holds,1
usually,1
westeinde,1
repayment,1
looks,1
newer,1
replacement,1
battery,1
ewaste,1
planted,1
printing,1
printed,1
megawatt,1
certificates,1
guarantees,1
printreleaf,1
origin,1
streams,1
tons,1
supervised,1
properly,1
user,1
rather,1
improper,1
hazards,1
gases,1
furniture,1
reusing,1
signage,1
recycle,1
hfcs,1
ghgs,1
destruction,1
epa,1
usgbc,1
cleaning,1
totals,1
preparation,1
indoor,1
safe,1
affects,1
presentation,1
expressing,1
timing,1
reasonable,1
targeting,1
identifies,1
calculators,1
adopt,1
fellow,1
ambassador,1
print,1
sampled,1
layout,1
gathering,1
santa,1
california,1
upgrades,1
though,1
decreased,1
solely,1
release,1
satisfy,1
questionnaire,1
accepting,1
lends,1
assuming,1
crac,1
conditioning,1
computer,1
ups,1
duly,1
known,1
ventures,1
greenwich,1
ana,1
fixtures,1
receptacle,1
reviewer,1
documentary,1
shown,1
quantitative,1
impartiality,1
competence,1
assignment,1
conflict,1
excellent,1
mary,1
armstrong,1
friberg,1
accumulation,1
verifier,1
detection,1
leak,1
cleveland,1
ohio,1
david,1
reilly,1
documentation,1
issuing,1
automate,1
bkrt,1
easy,1
accident,1
advantaged,1
dental,1
medical,1
vary,1
africa,1
east,1
regionally,1
retaining,1
allocated,1
commended,1
coworkers,1
problems,1
affirmed,1
nominations,1
wow,1
month,1
curated,1
colleague,1
mutual,1
stream,1
connectivity,1
workstreams,1
sum,1
reimagining,1
strongest,1
cause,1
workhuman,1
yoga,1
quick,1
microsite,1
ones,1
loved,1
simple,1
popular,1
demonstration,1
babysitting,1
dependent,1
furthermore,1
emergency,1
household,1
meditation,1
impacting,1
promotions,1
habit,1
getting,1
domestic,1
spouses,1
friends,1
ties,1
treatment,1
stigma,1
lowering,1
absenteeism,1
drivers,1
rewarding,1
upheaval,1
complements,1
agile,1
classrooms,1
internship,1
yoy,1
favorability,1
projected,1
reaches,1
dec,1
nov,1
broadening,1
lifelong,1
talents,1
anticipation,1
pace,1
progression,1
higher,1
realize,1
vying,1
intersex,1
trans,1
tackling,1
diversite,1
chartre,1
workingtogether,1
accomplish,1
becoming,1
rhetoric,1
filled,1
sophomore,1
effort,1
adapted,1
alumni,1
emerged,1
theirs,1
desirable,1
appealing,1
helpful,1
strongly,1
close,1
bootcamp,1
rolled,1
shortly,1
nine,1
aspires,1
summits,1
anyone,1
competency,1
elevating,1
placing,1
loop,1
rich,1
hire,1
employer,1
ceos,1
immersion,1
rotational,1
internships,1
anxiety,1
accessible,1
betterment,1
scholarships,1
greatest,1
encouraging,1
unilateral,1
suspended,1
suspension,1
opposing,1
doubled,1
days,1
choose,1
charity,1
donate,1
round,1
worth,1
lockdowns,1
promotes,1
allies,1
neighborhood,1
youth,1
seed,1
poise,1
grantees,1
southwestern,1
likewise,1
hit,1
hardest,1
poverty,1
opens,1
volunteered,1
naacp,1
rarely,1
clarifies,1
ourselves,1
nonfinancial,1
reliable,1
sheet,1
trustworthiness,1
subjecting,1
alike,1
acquisition,1
attention,1
vied,1
apparent,1
turbulence,1
coaching,1
inability,1
interruption,1
turmoil,1
know,1
steward,1
dependable,1
trustworthy,1
donated,1
pain,1
difference,1
critically,1
entrepreneurs,1
southern,1
directing,1
favorably,1
reconfiguration,1
digitalization,1
pointed,1
facet,1
arguably,1
jurisdictional,1
adherence,1
localized,1
centrally,1
phased,1
subsides,1
assessing,1
conservative,1
tracing,1
possess,1
drew,1
notes,1
reaction,1
candor,1
handwritten,1
permissions,1
teammate,1
check,1
pause,1
remind,1
october,1
okay,1
widespread,1
workplaces,1
disease,1
closely,1
save,1
encompass,1
tightening,1
county,1
allegheny,1
scholarship,1
nyc,1
underwrite,1
grantee,1
aid,1
repurposed,1
pathways,1
hampshire,1
exploring,1
backward,1
century,1
brunt,1
bear,1
cecp,1
leveraged,1
neighborhoods,1
fields,1
train,1
deserve,1
technologically,1
rebuild,1
join,1
down,1
pre,1
gathered,1
approves,1
cultural,1
duplicate,1
eliminated,1
encompassed,1
recommend,1
willingness,1
unpri,1
measurable,1
responsiveness,1
systematically,1
substantive,1
kpis,1
manages,1
adjusts,1
thus,1
impending,1
attraction,1
informal,1
influenced,1
validated,1
pertinent,1
breakthrough,1
multifaceted,1
former,1
replaces,1
anticipates,1
hoc,1
acknowledges,1
embracing,1
everyone,1
treating,1
fundamentally,1
welcome,1
differentiating,1
redouble,1
shone,1
fallout,1
concurrent,1
serious,1
showed,1
imperatives,1
studies,1
fundraising,1
globalization,1
fabric,1
forms,1
flourish,1
behind,1
sponsorships,1
briefing,1
hall,1
town,1
webcasts,1
idea,1
solicit,1
capitalize,1
sasb,1
brookings,1
underscore,1
contents,1
crain,1
franchise,1
yesterday,1
maximum,1
curve,1
discovery,1
spirit,1
calm,1
forefront,1
outperforming,1
empowered,1
courage,1
profound,1
everything,1
constantly,1
unlock,1
imagine,1
overview,1
earlier,1
namesake,1
functionally,1
perfect,1
djsi,1
jones,1
dow,1
forever,1
gravity,1
ungc,1
unparalleled,1
compact,1
composed,1
correspond,1
underpinned,1
firmly,1
bsuiness,1
strengthening,1
centralizing,1
formalized,1
touch,1
significance,1
adjustments,1
diversified,1
permeates,1
mean,1
steadfast,1
extend,1
evolution,1
alone,1
cannot,1
preferred,1
crowdsourced,1
customizes,1
signal,1
personally,1
milestones,1
anchor,1
byp,1
cfo,1
refreshed,1
diwali,1
celebration,1
collaborated,1
chapters,1
deputy,1
headed,1
measuring,1
payroll,1
ensured,1
varies,1
arises,1
moderated,1
recently,1
expansion,1
exclusive,1
flat,1
relatively,1
exco,1
shadow,1
genedge,1
bench,1
engineering,1
hopper,1
grace,1
tapia,1
nsbe,1
holiday,1
referral,1
hsis,1
deeper,1
cohort,1
methods,1
voices,1
caregivers,1
parents,1
isolation,1
cope,1
multicultural,1
networks,1
allyship,1
isolated,1
connection,1
distancing,1
places,1
video,1
dealing,1
struggles,1
journeys,1
stories,1
candidly,1
preparatory,1
welcomed,1
accessibility,1
autism,1
neurodiversity,1
elevate,1
shpe,1
serving,1
vacancies,1
orientations,1
unadjusted,1
voluntarily,1
again,1
once,1
president,1
vice,1
publishes,1
creatively,1
tap,1
ecosystem,1
advances,1
ages,1
bar,1
statistically,1
locally,1
adapt,1
consultative,1
tied,1
variable,1
pillar,1
lecture,1
courageous,1
almost,1
unprecedented,1
spurred,1
structural,1
comparably,1
compares,1
hbcus,1
beginning,1
universities,1
colleges,1
historically,1
utilize,1
season,1
campus,1
constraints,1
excluded,1
previously,1
dramatically,1
eightfold,1
gauge,1
performers,1
comparison,1
promising,1
civilian,1
absence,1
reentering,1
neurodiverse,1
interviewers,1
descriptions,1
requiring,1
tanks,1
forged,1
pool,1
visit,1
establishing,1
challenging,1
delegates,1
striving,1
carried,1
mechanics,1
seminar,1
walterscott,1
sigulerguff,1
newtonim,1
august,1
holdings,1
disclosing,1
shares,1
purposeful,1
involves,1
beneficiaries,1
depth,1
intention,1
explicit,1
however,1
examine,1
profitability,1
repercussions,1
concerned,1
believers,1
credentials,1
dating,1
tenured,1
quite,1
accreditation,1
ramifications,1
being,1
describing,1
farm,1
fairr,1
influencer,1
club,1
involved,1
aimed,1
amplified,1
joining,1
amplifying,1
off,1
kicked,1
style,1
consuming,1
amendments,1
trend,1
nascent,1
still,1
ethos,1
parts,1
explaining,1
infographic,1
basics,1
latter,1
universe,1
special,1
mifid,1
allocation,1
distributor,1
drinks,1
taxing,1
outperformed,1
volatile,1
heights,1
discussion,1
incentives,1
bonuses,1
maintained,1
relates,1
oversee,1
undertaken,1
differing,1
openly,1
attend,1
arm,1
discussing,1
story,1
proactively,1
audiences,1
analysts,1
discussions,1
frequently,1
presided,1
echevarria,1
joseph,1
separate,1
figures,1
enterprises,1
aiming,1
believer,1
yet,1
privately,1
equities,1
governed,1
holding,1
thereof,1
notional,1
gross,1
fee,1
mandate,1
represents,1
html,1
commercialized,1
academia,1
ranging,1
geographies,1
ambitions,1
convenes,1
investmentnews,1
ignore,1
harder,1
seminars,1
cpd,1
everywhere,1
delivers,1
uncover,1
delivery,1
agriculture,1
healthier,1
counseling,1
neale,1
unbanked,1
allows,1
opening,1
simplified,1
afford,1
convenience,1
digitization,1
screens,1
alongside,1
mind,1
stages,1
ftf,1
corinne,1
enroll,1
machine,1
logic,1
crowdsourcing,1
usable,1
inconsistent,1
taxonomies,1
contours,1
rake,1
morningstar,1
flexibility,1
modularity,1
custom,1
banked,1
jointly,1
queries,1
caucus,1
streamline,1
digitizes,1
traceability,1
workflow,1
digitized,1
bottlenecks,1
solving,1
observer,1
exclusively,1
administering,1
sovereigns,1
availability,1
military,1
childhood,1
congressional,1
signing,1
acquired,1
millions,1
redeemed,1
cans,1
bottles,1
bottledrop,1
arrangement,1
preschoolers,1
infants,1
initial,1
progressively,1
augment,1
advertising,1
influences,1
equally,1
fielded,1
oxford,1
behavioral,1
reflected,1
explored,1
specialist,1
incorporation,1
schemes,1
lifetime,1
boardroom,1
connects,1
iigcc,1
respectively,1
mobilizes,1
panel,1
scotland,1
accountants,1
chartered,1
emitters,1
cdsb,1
improves,1
uksif,1
labeling,1
accurate,1
sugary,1
old,1
thematic,1
exposures,1
intends,1
customizable,1
draws,1
customized,1
barrier,1
insufficient,1
cite,1
omfif,1
official,1
amount,1
compelling,1
expression,1
typical,1
context,1
poll,1
incorporates,1
outsourced,1
spectrum,1
deploying,1
discretionary,1
adhering,1
characteristics,1
demographic,1
weighted,1
respondents,1
investable,1
older,1
tenure,1
minimum,1
informational,1
vigilance,1
gifts,1
corrupt,1
foreign,1
associates,1
investigations,1
invaluable,1
formally,1
bureau,1
fincen,1
indictments,1
criminal,1
deterring,1
reminder,1
charitable,1
alerted,1
unfolded,1
illegal,1
criminals,1
undermine,1
whistleblowers,1
retaliation,1
urge,1
ethicspoint,1
helpline,1
whistleblowing,1
violation,1
entertainment,1
adverse,1
midyear,1
commensurate,1
iec,1
layers,1
strict,1
ranks,1
complying,1
determined,1
facilitation,1
negotiations,1
pricing,1
governs,1
lobs,1
prescribed,1
relies,1
case,1
like,1
posture,1
learned,1
lessons,1
disaster,1
disciplines,1
centralizes,1
resuming,1
operationalize,1
resume,1
insolvency,1
failure,1
disciplinary,1
avoiding,1
acquainted,1
converts,1
kept,1
revise,1
mobilizing,1
hard,1
pollution,1
acutely,1
quantification,1
materialize,1
medium,1
appropriately,1
indirectly,1
exposed,1
modified,1
discipline,1
approval,1
clearer,1
hierarchy,1
linkage,1
reengineered,1
assume,1
willing,1
limits,1
defines,1
completely,1
focusing,1
intelligent,1
lenses,1
thoughts,1
respecting,1
hugo,1
unifying,1
cumulative,1
concepts,1
blogs,1
publishing,1
deadlines,1
retained,1
trainings,1
bullying,1
underlines,1
wroclaw,1
steinhaus,1
mathematics,1
miss,1
thesis,1
polish,1
attracts,1
internally,1
catalysts,1
models,1
innovators,1
pan,1
ascend,1
kumar,1
senthil,1
experiential,1
recommended,1
british,1
bsi,1
cooperation,1
graduates,1
spur,1
compelled,1
maximize,1
reimagine,1
spurring,1
engines,1
bringing,1
engine,1
hackathon,1
sectors,1
southeast,1
asean,1
thing,1
attracted,1
hybrid,1
incubate,1
furthering,1
customize,1
sourced,1
crowd,1
proxymitysm,1
milestone,1
big,1
dozen,1
influencers,1
adopts,1
scoring,1
encryption,1
profoundly,1
boosts,1
pdf,1
uploads,1
incumbent,1
pursuing,1
reinforcing,1
endorsed,1
oriented,1
commonsense,1
pledging,1
prohibit,1
elect,1
prosperous,1
worthiness,1
initiated,1
relate,1
discusses,1
entitled,1
adjust,1
promoting,1
manifests,1
documents,1
scenarios,1
shaping,1
expansive,1
borrowers,1
brought,1
flagship,1
pioneered,1
phishing,1
winner,1
optimized,1
watchtower,1
degree,1
routine,1
restore,1
synchronicity,1
anomalies,1
relentlessly,1
encrypting,1
possession,1
theft,1
guarding,1
architecture,1
fraudulent,1
cyberfraud,1
proficiency,1
defenders,1
campaigns,1
instilling,1
contextual,1
situational,1
adversaries,1
watch,1
prepares,1
layer,1
eye,1
forecasting,1
permission,1
endorse,1
enabler,1
modernize,1
proper,1
manner,1
powerful,1
infusion,1
marketplace,1
dynamic,1
simpler,1
savvy,1
digitize,1
speeding,1
moving,1
shift,1
stores,1
vast,1
custodian,1
proliferation,1
fitness,1
merchantability,1
disclaims,1
fact,1
construed,1
opinions,1
depicted,1
logos,1
