Citi words,frequency
and,3241
the,2662
our,1556
citi,1210
for,933
with,582
risk,573
esg,524
that,471
management,452
business,381
sustainable,379
report,351
are,339
rights,334
human,328
climate,306
progress,299
communities,291
environmental,278
this,254
responsible,252
diversity,252
talent,240
global,234
from,226
have,224
resilient,212
equitable,204
more,202
related,192
which,186
financial,184
social,183
their,182
finance,179
appendices,177
employees,176
contents,175
risks,169
clients,168
also,151
including,144
new,143
other,143
principles,143
work,141
will,140
these,138
its,135
racial,130
through,130
has,127
all,127
governance,127
financing,126
policy,124
operations,118
equity,117
commitment,117
impact,116
approach,116
information,114
data,113
sustainability,113
goals,113
development,112
action,112
services,108
support,106
issues,105
impacts,105
goal,102
how,102
energy,102
reporting,99
engagement,99
carbon,97
company,96
not,96
bank,94
emissions,93
across,92
year,91
efforts,91
help,90
change,90
practices,88
esrm,88
activities,87
suppliers,87
about,87
team,86
low,85
than,83
businesses,83
covid,83
strategy,82
during,82
statement,82
total,82
program,81
banking,81
material,81
women,81
billion,79
project,79
policies,79
such,78
can,78
opportunities,78
credit,76
working,76
community,76
section,75
transition,75
where,74
well,74
economic,74
they,74
affordable,74
framework,73
part,72
million,72
were,72
performance,71
employee,71
standards,71
based,70
access,70
provide,69
housing,69
water,69
into,69
was,68
green,68
training,68
ghg,68
products,67
black,67
public,67
people,66
number,65
customers,65
conduct,64
one,64
building,64
stakeholders,64
bond,63
corporate,63
projects,63
see,63
client,63
key,63
areas,62
capital,61
addition,61
ethics,60
over,60
first,60
sector,59
each,58
industry,58
diverse,57
committee,57
analysis,56
level,56
code,56
use,56
supplier,56
due,55
high,55
culture,55
assessment,54
colleagues,54
companies,54
been,54
transactions,54
senior,53
years,53
processes,53
coal,53
scope,53
respect,52
many,52
requirements,52
anti,52
include,52
pandemic,51
globally,51
solutions,51
owned,51
targets,50
address,50
world,50
while,50
continue,50
loans,49
concerns,49
board,49
increase,49
future,48
most,48
managing,47
when,47
health,47
pages,47
who,47
zero,46
group,46
net,46
countries,46
end,46
renewable,46
small,46
page,46
those,45
sectors,45
challenges,45
power,45
programs,45
any,45
evaluation,44
them,44
stakeholder,43
institutions,43
supply,43
decisions,43
facilities,43
ensure,43
value,42
salient,42
established,42
target,42
time,42
against,41
engage,41
plan,41
waste,41
foundation,41
significant,41
long,41
what,41
markets,41
two,41
annual,41
under,40
respecting,40
market,40
within,40
gas,40
need,40
america,40
sdg,40
disclosures,39
international,39
gri,39
priorities,39
potential,39
chain,39
focused,39
review,39
additional,39
initiatives,39
compensation,39
operational,38
organization,38
economy,38
mining,37
inclusive,37
includes,37
provides,37
make,37
term,37
provided,37
implementation,37
growth,36
quantitative,36
context,36
launched,36
made,36
quality,36
inclusion,36
following,36
resources,36
gender,35
providing,35
set,35
does,35
relevant,35
committed,35
ongoing,35
process,34
local,34
specific,34
safety,34
response,34
color,34
diligence,34
day,34
internal,34
best,34
teams,34
disclosure,33
customer,33
better,33
positive,33
pay,33
further,33
may,33
external,33
included,33
learn,33
leadership,33
around,33
footprint,33
reduction,33
example,32
environment,32
identify,32
focus,32
meet,32
own,32
minority,32
develop,32
reduce,32
consumption,32
index,32
consumer,32
female,31
representation,31
topic,31
minorities,31
serve,31
fund,31
firm,31
place,31
income,31
line,31
electricity,31
led,30
executive,30
equator,30
actions,30
biodiversity,30
security,30
labor,30
portfolio,30
partners,30
core,30
region,30
identified,29
reviews,29
promote,29
achieve,29
role,29
united,29
documentation,29
workforce,29
gap,29
your,29
early,28
ethical,28
using,28
oil,28
throughout,28
several,28
criteria,28
sourcing,28
strengthen,27
ceo,27
increasing,27
expand,27
three,27
assurance,27
society,27
plans,27
initiative,27
but,27
period,27
needs,27
citigroup,27
protecting,27
virtual,27
associated,27
there,27
being,27
technology,27
lending,27
chief,27
regulatory,26
managers,26
sgs,26
roles,26
organizations,26
legal,26
making,26
head,26
boundary,26
officer,26
private,26
build,26
drive,26
continued,26
agreement,25
strategic,25
office,25
buildings,25
oversight,25
only,25
non,25
both,25
since,25
exposure,25
out,25
increased,25
affairs,25
understand,25
inc,25
standard,25
banks,25
emerging,24
take,24
infrastructure,24
compliance,24
construction,24
identifying,24
investments,24
expanded,24
full,24
digital,24
privacy,24
investment,24
used,24
developed,24
available,24
wide,24
result,24
verification,24
area,24
facility,24
important,23
events,23
discrimination,23
opportunity,23
scale,23
components,23
systems,23
improve,23
references,23
alignment,23
issue,23
card,23
corruption,23
principle,23
results,23
baseline,23
paris,23
ing,23
least,23
members,23
control,23
tcfd,23
worked,22
category,22
country,22
every,22
responsibility,22
joined,22
fair,22
accounting,22
indigenous,22
manage,22
gwh,22
four,22
innovation,22
proxy,22
toward,22
accounts,22
investing,22
leed,22
directors,22
laws,22
employment,22
independent,22
tax,21
network,21
wealth,21
linked,21
effective,21
some,21
efficiency,21
supporting,21
race,21
transaction,21
aims,21
developing,21
issuance,21
responsibly,21
table,21
pacific,20
fired,20
topics,20
thermal,20
range,20
enable,20
regarding,20
explanation,20
bonds,20
critical,20
creating,20
ability,20
north,20
equal,20
metric,20
believe,20
clean,20
changes,20
align,20
generation,20
addressing,20
capacity,20
created,20
largest,20
greenhouse,20
personal,20
examples,20
youth,20
should,20
assess,20
transparency,19
procedures,19
workers,19
gaps,19
safe,19
had,19
york,19
types,19
reducing,19
guidance,19
bribery,19
leaders,19
africa,19
physical,19
benefits,19
needed,19
maintain,19
implementing,19
announced,19
self,19
current,19
share,19
national,19
education,19
certified,19
between,19
close,19
nature,19
negative,19
levels,19
below,18
modern,18
various,18
others,18
commitments,18
activity,18
individuals,18
metrics,18
implement,18
middle,18
system,18
way,18
home,18
updated,18
paid,18
able,18
loan,18
ways,18
multiple,18
europe,18
lead,18
show,18
groups,18
account,18
appropriate,18
charter,18
protect,18
encourage,18
cities,18
tion,18
amount,18
asia,17
hires,17
force,17
forward,17
slavery,17
applicable,17
initial,17
five,17
nations,17
invest,17
guiding,17
job,17
workplace,17
latin,17
previous,17
materials,17
mission,17
reports,17
tool,17
fairly,17
consistent,17
put,17
offer,17
proceeds,17
website,17
justice,17
learning,17
tools,17
describe,17
whether,17
experience,16
could,16
possible,16
capabilities,16
controls,16
equivalent,16
advisory,16
ment,16
skills,16
works,16
just,16
executives,16
issued,16
equality,16
helps,16
after,16
directly,16
identity,16
transportation,16
professional,16
engaging,16
existing,15
publicly,15
highest,15
partnership,15
particularly,15
political,15
money,15
understanding,15
sdgs,15
excellence,15
resilience,15
last,15
direct,15
create,15
solar,15
enabling,15
discloses,15
collaboration,15
statements,15
peoples,15
certification,15
become,15
poseidon,15
recommendations,15
evaluate,15
mitigate,15
because,15
east,15
regulations,15
percentage,15
planning,15
center,15
investors,15
annually,15
city,15
leading,15
contribute,15
fuel,15
reported,15
participated,15
would,15
task,15
enhance,15
extending,15
among,15
record,15
protection,15
institution,15
accountability,15
greater,15
discussion,14
advancing,14
vice,14
required,14
completed,14
disclose,14
even,14
transformation,14
right,14
now,14
location,14
factors,14
behavior,14
campaign,14
particular,14
enterprise,14
strong,14
conducted,14
title,14
partnerships,14
designed,14
regulators,14
intensive,14
association,14
natural,14
design,14
aml,14
effort,14
advance,14
general,14
racism,14
relief,14
product,14
monitoring,14
portfolios,14
pathways,14
active,14
expectations,14
regional,14
towards,14
loss,14
retention,14
quickly,14
third,14
affected,14
found,13
crisis,13
integrate,13
basis,13
certain,13
next,13
institutional,13
know,13
alliance,13
trade,13
regions,13
designated,13
scenario,13
achieved,13
importance,13
measures,13
underserved,13
expanding,13
model,13
ever,13
life,13
respond,13
track,13
cybersecurity,13
defined,13
minimum,13
volunteer,13
december,13
land,13
council,13
relationships,13
enhanced,13
voice,13
above,13
recovery,13
measure,13
broader,13
operate,13
scenarios,13
real,13
investigations,13
values,13
aim,13
safeguarding,13
summary,13
effectively,13
covered,13
meetings,13
overall,13
fairness,13
began,13
receive,12
male,12
evolving,12
beyond,12
central,12
like,12
together,12
expertise,12
recent,12
addressed,12
facilitate,12
hosted,12
taking,12
trust,12
jane,12
service,12
relationship,12
consent,12
calls,12
distribution,12
member,12
latino,12
vulnerable,12
strategies,12
raw,12
collective,12
care,12
mental,12
different,12
governments,12
functions,12
securities,12
government,12
prior,12
purpose,12
read,12
marketing,12
units,12
offering,12
fraud,12
another,12
proceedings,12
remedy,12
conservation,12
crq,12
career,12
interests,12
update,12
methodology,12
accordance,12
decent,11
unprecedented,11
assessing,11
sustain,11
took,11
ensuring,11
success,11
ngpac,11
driving,11
site,11
enables,11
young,11
however,11
often,11
consider,11
frameworks,11
sources,11
event,11
indicators,11
remuneration,11
embedded,11
series,11
past,11
subtotal,11
consumers,11
objectives,11
served,11
robust,11
major,11
still,11
type,11
innovative,11
aligned,11
average,11
mitigation,11
order,11
continues,11
setting,11
whose,11
reduced,11
doing,11
content,11
meeting,11
ties,11
must,11
months,11
nomination,11
competitive,11
description,11
changing,11
monitor,11
assets,11
deliver,11
expect,11
january,11
societal,11
sanctions,11
president,11
assertion,11
heritage,11
awareness,11
essential,11
hispanic,11
score,11
body,11
highlights,11
systemic,11
released,11
supported,11
compared,11
serving,11
travel,11
large,11
lessons,11
tions,11
mobility,11
before,11
act,11
impacted,11
instance,11
approximately,11
funding,11
dedicated,11
racist,11
mexico,10
forced,10
platform,10
partner,10
summer,10
incorporated,10
operating,10
escalation,10
retail,10
issuer,10
comprehensive,10
transforming,10
participation,10
involved,10
steering,10
remote,10
recruiting,10
technologies,10
outcomes,10
comply,10
responding,10
same,10
severe,10
median,10
free,10
require,10
eligible,10
helping,10
person,10
despite,10
families,10
personnel,10
base,10
fraser,10
tied,10
implemented,10
orders,10
tnfd,10
updates,10
broker,10
source,10
incentive,10
director,10
helped,10
leave,10
online,10
looking,10
apply,10
communications,10
adverse,10
guide,10
american,10
bold,10
entrepreneurs,10
matters,10
paper,10
challenge,10
actual,10
contributes,10
procurement,10
individual,10
reflect,10
losses,9
hiring,9
offered,9
locations,9
hold,9
ourselves,9
integrity,9
party,9
necessary,9
compact,9
underwriting,9
incidents,9
covers,9
candidates,9
commit,9
remotely,9
regular,9
purposes,9
scdis,9
production,9
headquarters,9
leverage,9
treating,9
determined,9
pcaf,9
published,9
air,9
resource,9
taken,9
renovation,9
dealers,9
laundering,9
clear,9
stronger,9
materiality,9
branches,9
raised,9
recently,9
engaged,9
learned,9
outside,9
whole,9
urgent,9
operation,9
knowledge,9
trends,9
pacta,9
protocol,9
reach,9
allows,9
short,9
contributions,9
sole,9
yet,9
integrated,9
signatory,9
nearly,9
firearms,9
child,9
date,9
visit,9
good,9
explore,9
americans,9
longer,9
october,9
especially,8
decarbonization,8
proposition,8
top,8
previously,8
step,8
always,8
engagements,8
relevance,8
facing,8
perspectives,8
complete,8
complaints,8
raise,8
achieving,8
research,8
chains,8
informal,8
pilot,8
less,8
extensive,8
firms,8
regularly,8
offices,8
features,8
investor,8
week,8
palm,8
fees,8
pre,8
received,8
staff,8
freedom,8
intelligence,8
numbers,8
landscape,8
measuring,8
transparent,8
founded,8
maritime,8
accelerate,8
developers,8
monetary,8
upon,8
sourced,8
debt,8
categories,8
intensity,8
hame,8
grupo,8
although,8
shared,8
supplement,8
solution,8
landfill,8
why,8
regardless,8
supports,8
limited,8
scorecards,8
launch,8
considered,8
practice,8
having,8
specifically,8
function,8
hotline,8
find,8
second,8
improved,8
otherwise,8
turnover,8
conversations,8
subject,8
might,8
networks,8
populations,8
common,8
league,8
likely,8
priority,8
affinity,8
commercial,8
train,8
additionally,8
lines,8
state,8
stated,8
concern,8
nongovernmental,8
recycled,8
gps,8
acquisition,8
fully,8
productive,8
prohibits,8
programme,7
unep,7
indirect,7
homeownership,7
funded,7
discussed,7
kind,7
six,7
offers,7
industrial,7
circular,7
bike,7
analyst,7
inform,7
environ,7
treat,7
prevent,7
payments,7
conditions,7
breaches,7
street,7
play,7
testing,7
course,7
became,7
vaccine,7
medical,7
incorporation,7
relations,7
cost,7
emission,7
asian,7
ppp,7
operates,7
agency,7
maintaining,7
quarterly,7
findings,7
variable,7
girls,7
discuss,7
receives,7
held,7
jobs,7
diversion,7
manager,7
did,7
letter,7
participants,7
greatest,7
assistance,7
corporation,7
anticipate,7
advisor,7
worldwide,7
reinforce,7
exclusively,7
unit,7
perfor,7
mance,7
influence,7
secure,7
selling,7
without,7
states,7
homes,7
oecd,7
roundtable,7
law,7
students,7
tons,7
focuses,7
promotion,7
potable,7
geographies,7
get,7
unbanked,7
saw,7
form,7
traditional,7
microfinance,7
forms,7
makes,7
growing,7
test,7
documents,7
added,7
behaviors,7
entire,7
inventory,7
true,7
regard,7
recognition,7
terms,7
philosophy,7
determine,7
live,7
veteran,7
models,7
consumed,7
detailed,7
communication,7
focusing,7
want,7
taskforce,7
interviews,7
establish,7
guidelines,7
much,7
bias,7
multi,7
usd,7
single,7
strive,7
double,7
allow,7
overview,7
feedback,7
interest,7
orientation,6
participate,6
sexual,6
property,6
participating,6
associations,6
disability,6
suite,6
commodity,6
sharing,6
strengthening,6
march,6
come,6
she,6
applies,6
organisation,6
face,6
municipal,6
joint,6
leader,6
underbanked,6
decision,6
structure,6
questionnaire,6
glass,6
xinyi,6
days,6
empower,6
adopted,6
strengthened,6
relation,6
parties,6
cases,6
kwh,6
sessions,6
broadly,6
hours,6
trafficking,6
contributed,6
florida,6
arctic,6
installed,6
history,6
brazil,6
weeks,6
hard,6
mentorship,6
revenue,6
back,6
questions,6
financed,6
assist,6
native,6
exercises,6
voluntary,6
communicate,6
given,6
heating,6
coming,6
class,6
join,6
adhere,6
qualified,6
ness,6
diesel,6
receiving,6
shipping,6
ments,6
described,6
population,6
acts,6
ideas,6
award,6
acquisitions,6
signed,6
playing,6
uses,6
pipeline,6
adaptation,6
list,6
integration,6
host,6
accountable,6
mdis,6
requires,6
assessments,6
harassment,6
primary,6
retailers,6
matter,6
gain,6
everything,6
extreme,6
either,6
according,6
equipment,6
employ,6
affect,6
lighting,6
along,6
case,6
spotlight,6
owners,6
deployed,6
inequality,6
analytics,6
down,6
higher,6
funds,6
covering,6
properly,6
met,6
prohibition,6
steam,6
trillion,6
ngos,6
solve,6
men,6
aspects,6
seven,6
selected,6
ago,6
raising,6
evolve,6
outlined,6
builds,6
asset,6
daily,6
foster,6
presented,6
highlighted,6
munitions,6
closely,6
greenwich,6
meaningful,6
posed,6
considerations,6
com,6
transitions,6
recycling,6
audit,6
reinforced,6
oversees,6
pursue,6
experts,6
invested,6
majority,6
caution,6
inquiries,6
disclosing,6
involvement,6
screened,6
federal,6
details,6
trans,6
mechanisms,6
continuing,6
already,6
busi,6
households,6
indicates,6
jurisdictions,6
lives,6
bring,6
perspective,6
conflict,6
savings,6
glance,6
option,6
survey,6
stability,6
media,6
living,6
tests,6
bargaining,5
cid,5
cannot,5
permanent,5
adapt,5
gold,5
adjusting,5
return,5
brokerage,5
incorporates,5
summarized,5
asm,5
ranging,5
philanthropy,5
currency,5
open,5
mark,5
contribution,5
food,5
performing,5
paying,5
depository,5
issuances,5
her,5
family,5
cubic,5
variety,5
complex,5
meters,5
sales,5
decline,5
session,5
wellness,5
points,5
closed,5
flagship,5
resettlement,5
agreements,5
reclaimed,5
cultural,5
improvements,5
move,5
cdfis,5
wbcsd,5
special,5
scores,5
means,5
contributing,5
partnering,5
wri,5
george,5
alongside,5
agriculture,5
milestones,5
age,5
flow,5
holders,5
circumstances,5
races,5
publish,5
benchmark,5
adjust,5
floyd,5
agenda,5
transitioned,5
via,5
improving,5
targeted,5
methodologies,5
approaches,5
dozen,5
few,5
mix,5
choice,5
moving,5
keep,5
liquidity,5
certifications,5
evaluating,5
donated,5
ipos,5
elements,5
cdp,5
adoption,5
determination,5
frame,5
careers,5
african,5
channels,5
spac,5
plants,5
videos,5
retaliation,5
languages,5
seeks,5
main,5
tier,5
diverted,5
provision,5
follow,5
shareholders,5
healthy,5
estate,5
colleague,5
reduces,5
outlines,5
purchase,5
court,5
escalate,5
wind,5
floor,5
version,5
generally,5
dealogic,5
light,5
leads,5
give,5
filed,5
arise,5
changed,5
capability,5
bookrunner,5
rise,5
stay,5
gavi,5
reaching,5
covax,5
coalition,5
journey,5
standing,5
hired,5
violations,5
challenging,5
compulsory,5
point,5
accelerating,5
conference,5
trips,5
cluster,5
escalating,5
ask,5
champions,5
adjusted,5
peers,5
contact,5
deepening,5
environmentally,5
road,5
adequate,5
unique,5
reimagined,5
ecosystems,5
meets,5
stress,5
look,5
recognized,5
parental,5
fossil,5
philanthropic,5
storage,5
please,5
evidence,5
barriers,5
once,5
effectiveness,5
woman,5
weconnect,5
financials,5
ambitious,5
today,5
selection,5
cross,5
dialogue,5
here,5
rate,5
becoming,5
start,5
spend,5
pledge,5
weather,5
goods,5
behalf,5
micro,5
commission,5
shift,5
universities,5
trading,5
cause,5
industries,5
interim,5
ity,5
unless,5
mandate,5
feel,5
allegations,5
advise,5
currently,5
called,5
earlier,5
plays,5
proactively,5
illinois,5
reviewed,5
faced,5
prepared,5
historical,5
decades,5
medium,5
diversified,5
reflects,5
cycle,5
inaugural,5
white,5
studies,5
adults,5
things,5
craft,5
objective,5
position,5
systemically,5
prb,5
district,5
chilled,5
ethnicity,5
respective,5
minimize,5
headcount,5
insights,5
tracking,5
accuracy,5
continuity,5
screening,5
then,5
laborers,4
recognize,4
typically,4
integrating,4
entities,4
professionals,4
latest,4
vital,4
guides,4
earn,4
disparities,4
bridge,4
india,4
canada,4
exposed,4
decade,4
urgency,4
later,4
south,4
stand,4
advice,4
contract,4
hospitals,4
slate,4
consistency,4
aftermath,4
platforms,4
alternative,4
periodically,4
grow,4
planned,4
murder,4
similar,4
late,4
functional,4
platinum,4
faster,4
acted,4
hearing,4
minneapolis,4
spending,4
adhering,4
embed,4
seeking,4
stations,4
newly,4
detail,4
welcome,4
eeo,4
mid,4
constructive,4
begin,4
artisanal,4
periodic,4
improvement,4
fundamental,4
portion,4
behind,4
methods,4
unemployment,4
partnered,4
oliver,4
vast,4
reviewing,4
mentoring,4
symposium,4
standalone,4
treasury,4
rates,4
reserved,4
rules,4
homeless,4
equip,4
allowed,4
museum,4
lower,4
officers,4
wildlife,4
chair,4
associate,4
formed,4
collaborated,4
coaching,4
globe,4
sponsor,4
consecutive,4
expansion,4
imo,4
voe,4
farm,4
broken,4
structures,4
offerings,4
deep,4
formal,4
representatives,4
disabilities,4
september,4
ers,4
wage,4
stages,4
volume,4
totals,4
addresses,4
approval,4
viable,4
you,4
nine,4
accessible,4
remedial,4
delivered,4
define,4
misconduct,4
optimize,4
assistant,4
declined,4
figures,4
bankers,4
norms,4
built,4
resulted,4
estimated,4
regula,4
chapters,4
generated,4
requiring,4
cover,4
mines,4
sought,4
identification,4
remaining,4
obligations,4
commodities,4
mergers,4
extend,4
suit,4
rmc,4
combat,4
violence,4
european,4
overseen,4
rather,4
entitled,4
college,4
designing,4
entertainment,4
encouraged,4
medhaul,4
counted,4
separate,4
ungc,4
facilitating,4
cleaning,4
stage,4
agreed,4
parts,4
options,4
flexible,4
remain,4
talking,4
threats,4
sustainabil,4
custom,4
ease,4
preventing,4
definitions,4
ultimately,4
citibank,4
informed,4
enforcement,4
vehicles,4
cooling,4
agricultural,4
represent,4
urban,4
tackle,4
salience,4
audits,4
going,4
instruments,4
timely,4
fighting,4
known,4
alone,4
tables,4
rely,4
advanced,4
ground,4
protocols,4
mason,4
link,4
experiences,4
array,4
managed,4
mean,4
mapped,4
creates,4
technical,4
breach,4
transactional,4
embedding,4
confidentiality,4
off,4
profile,4
concrete,4
went,4
bringing,4
enhancing,4
amendments,4
transport,4
outstanding,4
empathy,4
anyone,4
costs,4
half,4
specialists,4
applying,4
checking,4
gisd,4
application,4
noted,4
spread,4
treatment,4
run,4
agencies,4
conducting,4
items,4
basic,4
tonnes,4
interconnected,4
fostering,4
pillars,4
sets,4
moderate,4
mortgage,4
drives,4
too,4
resulting,4
generate,4
field,4
pro,4
military,4
closing,4
reused,4
represented,4
termination,4
contingent,4
verified,4
exercise,4
chairs,4
recs,4
responded,4
input,4
thousands,4
formerly,4
subsidiaries,4
profits,4
immediate,4
checks,4
devel,4
module,4
opment,4
shows,4
locally,4
gcb,4
november,4
satisfaction,4
characteristics,4
request,4
factor,4
moreover,4
awarded,4
demand,4
illustrates,4
volunteers,4
consistently,4
scopes,4
debit,4
conferences,4
duty,4
workshops,4
spent,4
expected,4
communi,4
promptly,4
appetite,4
identifies,4
organic,4
ation,4
patterns,4
positions,4
nities,4
metals,4
collection,4
investigation,4
pressing,4
campus,4
boosting,4
broad,4
pose,4
tasked,4
links,4
emergency,4
breakdown,4
virtually,4
damage,4
subsequent,4
vaccines,4
sites,4
centers,4
icg,4
demonstrate,4
discussions,4
jersey,4
virus,4
exist,4
consulted,4
corrective,4
domestic,3
precautionary,3
park,3
equally,3
planet,3
conversation,3
town,3
refer,3
materially,3
grants,3
came,3
empowered,3
historically,3
separately,3
uphold,3
gather,3
pain,3
left,3
staggering,3
steps,3
adjustments,3
fitness,3
transform,3
suffer,3
ngfs,3
vacation,3
proportion,3
export,3
sure,3
temporary,3
something,3
enterprises,3
path,3
collected,3
trusted,3
flexibility,3
retirement,3
occupational,3
pass,3
confidence,3
sized,3
delivering,3
toughest,3
easier,3
inside,3
question,3
achievements,3
elevated,3
charge,3
mortgages,3
problems,3
providers,3
status,3
reputation,3
iii,3
starting,3
departments,3
unexpected,3
asked,3
doesn,3
fell,3
view,3
finances,3
opera,3
atms,3
navigate,3
paycheck,3
preparedness,3
renovations,3
saving,3
endorsed,3
increases,3
forum,3
accelerated,3
rehabilitation,3
totaling,3
finished,3
extended,3
connect,3
stable,3
places,3
former,3
advancement,3
onboard,3
commits,3
away,3
diversify,3
call,3
maintenance,3
forgiveness,3
mandatory,3
started,3
contracts,3
widely,3
kindness,3
save,3
final,3
bottle,3
sent,3
geographic,3
mechanism,3
phase,3
silver,3
merits,3
citibanamex,3
nonprofits,3
panels,3
guarantees,3
feasible,3
nesses,3
fico,3
successful,3
square,3
disaggregate,3
expressed,3
selves,3
commu,3
everyone,3
contains,3
peru,3
hardware,3
advocates,3
calculation,3
developments,3
rental,3
biggest,3
prog,3
interns,3
ress,3
colleges,3
shifted,3
university,3
trajectory,3
independence,3
gases,3
opinion,3
eliminate,3
lender,3
mobile,3
connections,3
aware,3
discovery,3
engages,3
coach,3
lenders,3
completeness,3
miles,3
traveled,3
involving,3
undertaken,3
realities,3
pepsico,3
size,3
assumptions,3
explain,3
cash,3
proprietary,3
delivery,3
assesses,3
blueorchard,3
wyman,3
beginning,3
demonstrated,3
uganda,3
conjunction,3
encourages,3
aligning,3
diligently,3
tation,3
cfo,3
april,3
lend,3
measurement,3
varied,3
deeply,3
masks,3
innovations,3
stretch,3
prepare,3
economically,3
backed,3
segment,3
consolidated,3
demonstrates,3
alaskan,3
indian,3
islander,3
hawaiian,3
records,3
cyber,3
considering,3
payment,3
element,3
tices,3
prac,3
themes,3
depth,3
driven,3
rolled,3
reliance,3
operatives,3
leveraging,3
note,3
seamless,3
electric,3
envi,3
organized,3
specified,3
usual,3
actively,3
programming,3
compete,3
enforced,3
applied,3
strictly,3
retaining,3
connects,3
thrive,3
singapore,3
abuses,3
unlawful,3
bound,3
directed,3
represents,3
renewables,3
promoting,3
affinities,3
forces,3
adopt,3
advising,3
ally,3
remove,3
advocate,3
advocacy,3
collaborating,3
drawing,3
timeline,3
boost,3
lgbtq,3
occurred,3
ies,3
interenergy,3
greening,3
typical,3
prin,3
tional,3
fixed,3
mitigating,3
strengths,3
ture,3
ciples,3
easy,3
kingdom,3
uep,3
prohibit,3
secured,3
brief,3
french,3
trigger,3
great,3
sufficient,3
removing,3
degree,3
worker,3
designation,3
catalyzing,3
fact,3
protected,3
operators,3
environments,3
derivatives,3
gence,3
investigate,3
post,3
clarity,3
finding,3
schedule,3
nor,3
measured,3
absolute,3
complexity,3
forestry,3
conflicts,3
attraction,3
amazon,3
kpis,3
authorities,3
inequity,3
deal,3
oppor,3
structuring,3
connected,3
derived,3
triggers,3
indicate,3
species,3
ahead,3
awards,3
efficient,3
fast,3
though,3
manner,3
founding,3
intellectual,3
corporations,3
denominated,3
select,3
declaration,3
dili,3
creation,3
criminal,3
wherever,3
shares,3
complies,3
speak,3
franchise,3
plantation,3
depending,3
vary,3
structural,3
fight,3
unethical,3
illustrate,3
situations,3
stolen,3
safeguard,3
onboarding,3
scorecard,3
nonemployee,3
disciplinary,3
supervision,3
seek,3
similarly,3
unlike,3
promise,3
imple,3
name,3
rollout,3
reached,3
introduced,3
sum,3
feedstock,3
castor,3
collect,3
iden,3
tify,3
committees,3
numerous,3
cardholders,3
intranet,3
arkema,3
settlements,3
ethnic,3
mail,3
aligns,3
collaborative,3
themselves,3
requests,3
bid,3
measurable,3
present,3
targeting,3
western,3
onset,3
percent,3
sale,3
entry,3
elimination,3
specialist,3
civil,3
interview,3
continuously,3
sustained,3
lobbying,3
don,3
fulfill,3
add,3
wildfires,3
edge,3
composition,3
approved,3
hurricane,3
victims,3
availability,3
membership,3
councils,3
emphasizes,3
blog,3
incorporate,3
named,3
produced,3
residents,3
balance,3
networking,3
educate,3
deploy,3
highlighting,3
harm,3
harmonize,3
thematic,3
performed,3
wants,3
aimed,3
fulfilling,3
handle,3
disclosed,3
brand,3
apartments,3
readers,3
pride,3
preparation,3
revenues,3
scaling,3
renewed,3
obligation,3
assessed,3
exploration,3
roundtables,3
rounding,3
corbat,3
remediation,3
institute,3
recharged,3
music,3
presence,3
religion,3
serves,3
chairman,3
avoid,3
document,3
homeland,2
sec,2
red,2
flags,2
significance,2
dards,2
privileges,2
auditing,2
killings,2
sense,2
decided,2
ceremony,2
proceeded,2
stan,2
annex,2
predict,2
reviewers,2
formalized,2
penned,2
dependability,2
follows,2
proof,2
iwt,2
ride,2
surrounding,2
necessarily,2
webpage,2
mom,2
swift,2
recruit,2
artificial,2
sex,2
reforms,2
offsite,2
kyc,2
burden,2
continually,2
hope,2
encompasses,2
ensures,2
refining,2
printing,2
robotics,2
achievement,2
prospective,2
dignity,2
deepen,2
root,2
twin,2
injustice,2
component,2
undertake,2
differ,2
rentable,2
prioritizes,2
temporarily,2
dispositions,2
chemical,2
grievance,2
seed,2
progressed,2
unforeseen,2
respectively,2
aggregated,2
pertaining,2
branch,2
tensions,2
leased,2
prs,2
prohibitions,2
sample,2
hall,2
processing,2
relating,2
won,2
articulates,2
emotional,2
convenience,2
agribusiness,2
cial,2
comprised,2
lack,2
comprehension,2
shall,2
mike,2
circle,2
shifting,2
protests,2
detection,2
vis,2
june,2
auditors,2
deemed,2
quo,2
user,2
cards,2
accurate,2
creativity,2
formalization,2
advertising,2
ana,2
centric,2
communicating,2
insurance,2
coverage,2
centres,2
intended,2
sports,2
ship,2
seeher,2
clearly,2
simple,2
preferences,2
balances,2
requirement,2
racially,2
branded,2
negatively,2
misuse,2
fusion,2
centralized,2
staying,2
terrorist,2
opportu,2
influences,2
rail,2
protects,2
theft,2
attention,2
neighborhoods,2
prevailing,2
software,2
accessibility,2
exited,2
lpg,2
coordination,2
iso,2
stewardship,2
forest,2
ipr,2
inv,2
hsi,2
vol,2
launching,2
ltd,2
adequately,2
unions,2
drills,2
obstacles,2
braille,2
universal,2
unesco,2
devastating,2
impaired,2
text,2
ciso,2
wages,2
agents,2
ronmental,2
generating,2
evolved,2
esap,2
taxation,2
condition,2
conclusion,2
proved,2
facilitates,2
covenants,2
actionable,2
variations,2
machine,2
recommend,2
mentation,2
identifiable,2
empowerment,2
personally,2
tomorrow,2
succeed,2
said,2
impacting,2
takes,2
house,2
ence,2
disadvantaged,2
internships,2
backgrounds,2
concessions,2
adversity,2
successes,2
questionnaires,2
analyses,2
rotational,2
empowering,2
arts,2
ready,2
socioeconomic,2
demographic,2
internship,2
labeling,2
informa,2
grameen,2
succession,2
distributed,2
amicus,2
manipulation,2
balancing,2
insider,2
gradian,2
proven,2
clinics,2
ifc,2
initiated,2
sub,2
registered,2
disparate,2
explored,2
groundbreaking,2
execute,2
evaluates,2
banked,2
midyear,2
valued,2
revolving,2
piloted,2
prevention,2
presidents,2
talk,2
satisfied,2
pii,2
say,2
approve,2
subsequently,2
transgender,2
handbook,2
hosting,2
defining,2
determining,2
selecting,2
prohibited,2
complaint,2
tunities,2
meditation,2
lgbt,2
slates,2
nmsdc,2
maternity,2
disseminated,2
parents,2
representative,2
surrogacy,2
affiliates,2
purchasing,2
telemedicine,2
comfortable,2
recruitment,2
chinese,2
pronged,2
background,2
condemn,2
parsons,2
allies,2
benefit,2
recruiters,2
americas,2
stayed,2
competition,2
issuing,2
quotient,2
nonfinancial,2
cupid,2
snapshot,2
again,2
aggregate,2
difference,2
paths,2
relieve,2
intern,2
integral,2
consultation,2
winning,2
rewards,2
possibility,2
hbcus,2
outset,2
freshmen,2
intend,2
instead,2
looked,2
introducing,2
amounts,2
minerals,2
peer,2
malpractice,2
fire,2
smart,2
telephone,2
segments,2
bar,2
helpful,2
frequently,2
pressure,2
holding,2
book,2
securitizations,2
comfort,2
bureau,2
february,2
validation,2
hypothetical,2
expenses,2
emer,2
gency,2
relate,2
provisions,2
clawback,2
enduring,2
chosen,2
proposals,2
rfp,2
acknowledge,2
joining,2
mrts,2
takers,2
categorized,2
advisories,2
giving,2
contacts,2
guided,2
piloting,2
occur,2
refine,2
investigated,2
protections,2
substantiated,2
chamber,2
commerce,2
vyv,2
continuous,2
brought,2
forefront,2
underwent,2
shape,2
matched,2
donation,2
assisting,2
readily,2
violation,2
administration,2
sba,2
confidentially,2
treated,2
yes,2
payrolls,2
petrochemicals,2
reinforces,2
recognizes,2
explicitly,2
department,2
legally,2
logic,2
sfps,2
helpers,2
donor,2
adequacy,2
administrative,2
oper,2
filings,2
breakdowns,2
unknown,2
ational,2
sib,2
amendment,2
preservation,2
financer,2
unveiled,2
signing,2
nonprofit,2
apartment,2
mixed,2
whistleblower,2
incomes,2
veterans,2
accepted,2
disbursed,2
manufacturers,2
contractual,2
expects,2
incorporating,2
eeoc,2
enjoyment,2
communicated,2
running,2
elderly,2
writing,2
tone,2
servicing,2
uncover,2
uncovered,2
letters,2
begun,2
bought,2
his,2
deaf,2
spot,2
prioritizing,2
blankets,2
ownership,2
incentivize,2
cfpb,2
sound,2
competitors,2
proper,2
deployment,2
cao,2
infringe,2
aspire,2
posted,2
aspect,2
slbs,2
institu,2
embrace,2
feet,2
smaller,2
accessing,2
located,2
fall,2
connection,2
combined,2
specialized,2
boundaries,2
stocks,2
websites,2
buy,2
roof,2
sustainably,2
children,2
capture,2
volunteerism,2
flagged,2
aid,2
volunteering,2
collabora,2
multiyear,2
undertaking,2
caribbean,2
shapes,2
idea,2
emails,2
cooperation,2
interrelated,2
relates,2
placement,2
twenty,2
angeles,2
subscribe,2
capitalism,2
enabled,2
los,2
deliberate,2
sheet,2
paulo,2
regionally,2
introduce,2
acting,2
buying,2
email,2
constantly,2
sicredi,2
limit,2
surveys,2
payroll,2
obtained,2
attribute,2
featured,2
hundreds,2
stories,2
eacs,2
connecting,2
panama,2
tecnisol,2
imperative,2
tive,2
ignore,2
creative,2
rapidly,2
frequent,2
feeling,2
startups,2
conserving,2
effects,2
evolution,2
usage,2
thought,2
month,2
interested,2
inequities,2
differentiated,2
wider,2
disrupted,2
knowing,2
california,2
absolutely,2
fee,2
damaged,2
classes,2
occupancy,2
comparing,2
release,2
soac,2
walls,2
sea,2
rising,2
challenged,2
recognizing,2
notable,2
listen,2
views,2
publications,2
implementa,2
forums,2
press,2
plant,2
futures,2
subcommittee,2
supplies,2
renovating,2
played,2
prioritize,2
retrofit,2
responsive,2
reg,2
harnessing,2
tremendous,2
coordinator,2
equipping,2
intensified,2
secondary,2
allocated,2
bottom,2
plastic,2
filling,2
exacerbated,2
lessors,2
guarantors,2
decarbonize,2
governing,2
appointed,2
sensitive,2
realize,2
digitization,2
mation,2
sions,2
umas,2
statistics,2
regulation,2
underscoring,2
australia,2
atlantic,2
reform,2
study,2
powerful,2
hottest,2
warmest,2
hazards,2
exhibit,2
infor,2
grant,2
thanks,2
deploying,2
estimate,2
establishing,2
infrastruc,2
efficiencies,2
addi,2
combination,2
recommended,2
highlight,2
exec,2
reputational,2
analyzing,2
collaborate,2
academic,2
tiered,2
deriving,2
strat,2
notion,2
underlying,2
difficult,2
enhances,2
uncertainties,2
formation,2
shareholder,2
abilities,2
mobilize,2
influenced,2
tors,2
exists,2
magnitude,2
london,2
ality,2
glob,2
comes,2
agent,2
charters,2
transit,2
manufactured,2
substantial,2
comparable,2
enacting,2
causes,2
friends,2
earned,2
nigeria,2
bio,2
arab,2
employer,2
emirates,2
manufac,2
chemicals,2
estab,2
kilowatt,2
lished,2
advancements,2
stock,2
advocating,2
kong,2
hong,2
navigating,2
china,2
remainder,2
opened,2
endorse,2
collaboratively,2
learnings,2
proposed,2
removal,2
comptroller,2
billions,2
reserve,2
counties,2
induced,2
steel,2
avoided,2
nonexecutive,2
lay,2
groundwork,2
facilitated,2
ecosystem,2
lowering,2
illustrating,2
reference,2
thirds,2
hazardous,2
recyclable,2
donations,2
govern,2
threshold,2
wastewater,2
listed,2
niche,2
iepa,2
authority,2
direction,2
territories,2
concerned,2
miami,2
eligibility,2
nrg,2
disruptions,2
attractive,2
encouraging,2
format,2
expec,2
financ,2
contrib,2
rebuild,2
meaningfully,2
significantly,2
ours,2
midst,2
computers,2
pleased,2
advantage,2
issuers,2
employed,2
greener,2
lens,2
citizenship,2
sits,2
doubling,2
themed,2
layer,2
rapid,2
resiliency,2
chose,2
arrangements,2
dependent,2
campaigns,2
convertible,2
far,2
count,2
relative,2
ups,2
usually,2
upfront,2
laptops,2
wwf,2
temperature,2
governmental,2
situation,2
interactions,2
phone,2
tampa,2
very,2
electronic,2
nected,2
marine,2
incentives,2
machines,2
web,2
sus,2
seriously,2
signifi,2
pricing,2
dropped,2
altered,2
severely,2
centrally,2
near,2
normal,2
delivers,2
bodies,2
steer,2
achieves,2
convention,2
unifies,2
biological,2
commuting,2
dollars,2
moved,2
spirit,2
words,2
belief,2
volumes,2
millions,2
cbd,2
borrowers,2
distributing,2
disrupt,2
space,2
safely,2
gives,2
refinance,2
calendar,2
tested,2
rating,2
emphasized,2
journeys,2
financiers,2
certifying,2
excludes,2
ergonomic,2
prosperity,2
expands,2
inspection,2
developer,2
threat,2
tailored,2
prioritized,2
sections,2
sive,2
friendly,2
rigorous,2
schneider,2
deposit,2
touch,2
filtration,2
exceeded,2
increasingly,2
transac,2
resume,2
fertil,1
decreasing,1
compost,1
formally,1
hitting,1
pesticides,1
dependency,1
pandemics,1
con,1
illegal,1
predecessor,1
conventions,1
laboratory,1
pest,1
maps,1
cohesion,1
reevaluate,1
existent,1
izers,1
traction,1
summarizes,1
tolerance,1
thresholds,1
scan,1
upholding,1
duties,1
taxes,1
labour,1
disasters,1
lingual,1
sity,1
biodiver,1
riverine,1
guatemalan,1
gaining,1
promotions,1
contri,1
restoration,1
consisted,1
preliminary,1
publi,1
gent,1
lish,1
ingful,1
fellow,1
par,1
reestab,1
utive,1
palmas,1
match,1
butions,1
repsa,1
schemes,1
crises,1
exit,1
abides,1
fundraising,1
compliments,1
reforestation,1
sustainabili,1
executing,1
forested,1
utives,1
cation,1
istration,1
tangible,1
mitment,1
eight,1
sequestration,1
stationed,1
cemented,1
chang,1
taxpayer,1
overarching,1
reforestadora,1
contin,1
standardize,1
tainable,1
bridges,1
prominence,1
hopeful,1
resil,1
reversible,1
decreased,1
deforestation,1
rainforest,1
investigative,1
governancee,1
minimal,1
convergence,1
onto,1
tunity,1
emphasis,1
placed,1
graphic,1
seen,1
improves,1
proactive,1
refinancing,1
porated,1
hydrogen,1
largely,1
irreversible,1
happening,1
offi,1
inputs,1
horizon,1
parallel,1
shortening,1
reacting,1
realized,1
unacceptable,1
map,1
ience,1
agro,1
holder,1
chart,1
equips,1
stake,1
encore,1
surfaced,1
biome,1
refinancings,1
tively,1
prevalence,1
fraudulent,1
catalysts,1
ecuador,1
colombia,1
bangladesh,1
categorize,1
relatively,1
illuminated,1
soy,1
bioregional,1
maintains,1
amplifies,1
combinations,1
counteract,1
cers,1
flag,1
draw,1
complementary,1
royal,1
mindset,1
revitalize,1
honduras,1
pakistan,1
manufacturing,1
thwarting,1
genetic,1
original,1
variability,1
perpetrated,1
incor,1
interbank,1
pulp,1
industrials,1
val,1
governed,1
individ,1
smith,1
uals,1
policymakers,1
exploiting,1
paraguay,1
etc,1
workspaces,1
architecture,1
restructuring,1
verifying,1
finan,1
earnings,1
activ,1
ities,1
intuitive,1
tees,1
mdi,1
tty,1
compromise,1
visually,1
convenings,1
packs,1
print,1
cutting,1
ambition,1
spots,1
readability,1
search,1
databases,1
vigilant,1
persist,1
manages,1
artists,1
ngo,1
foundations,1
confidenti,1
taxing,1
defend,1
delinquent,1
stringent,1
guards,1
profiles,1
erosion,1
exclusions,1
limitations,1
profit,1
delaying,1
shipment,1
imposed,1
condi,1
intermediate,1
reasonably,1
ucts,1
prod,1
usa,1
foreign,1
appli,1
cable,1
certainty,1
routinely,1
captions,1
transcripts,1
previ,1
vitality,1
notify,1
quired,1
endanger,1
advertisers,1
movement,1
forests,1
eliminating,1
perform,1
users,1
notifications,1
athletes,1
cardmembers,1
pressures,1
devoted,1
pri,1
vate,1
lawful,1
crop,1
suited,1
charges,1
yields,1
unsustainable,1
dures,1
climatic,1
uncon,1
descriptive,1
scious,1
durable,1
wheth,1
heighten,1
implemen,1
inten,1
scientists,1
agree,1
casting,1
influ,1
seeherhearher,1
straight,1
notice,1
choices,1
opting,1
correcting,1
intense,1
concepts,1
porting,1
portrayals,1
comprising,1
identities,1
presenting,1
ages,1
conducts,1
outliers,1
undergoing,1
proce,1
ramsar,1
icant,1
signif,1
potentially,1
encroachments,1
experimentation,1
technological,1
presents,1
detect,1
specifying,1
recover,1
exchanging,1
fill,1
grounds,1
tants,1
positioning,1
consul,1
dent,1
indepen,1
divisions,1
adopting,1
commensurate,1
credibility,1
intercon,1
wetlands,1
pictured,1
habitat,1
understood,1
walk,1
contamination,1
revealed,1
guatemala,1
emphasize,1
authori,1
origins,1
transpar,1
orienting,1
freedoms,1
problem,1
solving,1
proceed,1
egret,1
ency,1
reddish,1
turtle,1
hawksbill,1
appro,1
priate,1
endangered,1
rests,1
hub,1
beneficial,1
ous,1
cises,1
shortcuts,1
interaction,1
slow,1
traffic,1
stranded,1
compli,1
trace,1
assuring,1
sibility,1
acces,1
emitting,1
ance,1
laun,1
dering,1
reconciliation,1
lock,1
blogs,1
consists,1
outlier,1
establishes,1
vetted,1
egies,1
seeing,1
logins,1
leaves,1
rehearse,1
enrollment,1
correspond,1
incident,1
formalizing,1
responses,1
codified,1
viability,1
normally,1
workflows,1
believing,1
bimonthly,1
restrict,1
newsweek,1
rankings,1
nonplastic,1
skyler,1
twitter,1
automated,1
askciti,1
thankyou,1
redemption,1
spans,1
eliminates,1
exer,1
calation,1
height,1
clus,1
coast,1
arose,1
demanding,1
ceres,1
evident,1
experienced,1
west,1
seasons,1
maximize,1
equi,1
articulate,1
qualitative,1
achievable,1
analysed,1
acknowledged,1
leveraged,1
iterative,1
understands,1
lie,1
fulfills,1
cant,1
devaluation,1
analyse,1
voiced,1
authentic,1
laid,1
accounted,1
consist,1
syndicated,1
books,1
bare,1
advisors,1
dimensions,1
stra,1
mented,1
fran,1
noteworthy,1
amongst,1
respon,1
sible,1
repu,1
tational,1
chise,1
tegic,1
detected,1
vulnerabilities,1
achiev,1
substantially,1
assigned,1
concert,1
believ,1
consult,1
transitioning,1
furthering,1
ized,1
activi,1
thereof,1
programmes,1
generations,1
completion,1
adapting,1
exhaustive,1
announcement,1
publication,1
baselines,1
rebasing,1
indica,1
acquirer,1
rank,1
deals,1
monthly,1
reveal,1
encounter,1
underpinning,1
administered,1
nonaccrual,1
checkless,1
overdraft,1
per,1
straightforward,1
figure,1
yield,1
literacy,1
gdp,1
dividends,1
reasons,1
dents,1
inci,1
embraces,1
impor,1
tance,1
ended,1
descriptions,1
sasb,1
populated,1
nimble,1
sme,1
showing,1
concerning,1
tackling,1
clauses,1
occurrence,1
answering,1
never,1
irrevocably,1
securitiza,1
securitization,1
liabilities,1
traders,1
judged,1
malus,1
solely,1
impeded,1
voices,1
remunera,1
heard,1
tration,1
arbi,1
mediation,1
litigations,1
sentation,1
invite,1
repre,1
disputed,1
nonmonetary,1
apr,1
applicants,1
sold,1
remuner,1
disaggregated,1
receivables,1
gregate,1
disag,1
describes,1
promises,1
consequences,1
ambitions,1
prohibiting,1
restored,1
rossmore,1
correct,1
utilised,1
obtain,1
explanations,1
tbd,1
interpreted,1
inward,1
pursuant,1
ellesmere,1
port,1
cheshire,1
recorded,1
hereon,1
copy,1
reminder,1
suggest,1
concludes,1
isn,1
examination,1
modelling,1
omission,1
error,1
declared,1
independently,1
bunch,1
none,1
ghgs,1
booked,1
restricted,1
purchased,1
excluded,1
bylaws,1
stipulations,1
meth,1
implied,1
corzo,1
www,1
contain,1
originally,1
occurrences,1
indexes,1
socio,1
contrary,1
legislative,1
undue,1
viewed,1
forecasts,1
arc,1
trademarks,1
mayolo,1
antunez,1
ursula,1
assuror,1
staffing,1
finally,1
recommendation,1
epfi,1
carried,1
prcl,1
checklists,1
supplements,1
operated,1
regards,1
conclusions,1
definition,1
binding,1
refrigerant,1
fugitive,1
fleet,1
forge,1
heart,1
limiting,1
ceasing,1
rela,1
tionships,1
harmed,1
rejoin,1
combustion,1
confront,1
mitigates,1
assessor,1
clare,1
robertson,1
reviewer,1
deci,1
focal,1
kinds,1
attaches,1
extortion,1
diffusion,1
ambi,1
affirmative,1
occupation,1
abolition,1
complicit,1
proclaimed,1
internationally,1
tious,1
consideration,1
runner,1
odologies,1
paulomi,1
raythatha,1
pamela,1
impartiality,1
stationary,1
reservoirs,1
sinks,1
serviced,1
proudest,1
organisational,1
anthropogenic,1
moments,1
cashless,1
little,1
conformance,1
arising,1
commissioned,1
desk,1
express,1
chadwick,1
cobro,1
verifiers,1
assignment,1
qualifications,1
assembled,1
affirms,1
paved,1
competence,1
mexicans,1
dioxide,1
contracted,1
accompanying,1
valid,1
lows,1
upgrading,1
habitats,1
ter,1
poverty,1
capa,1
prone,1
unmechanized,1
occurs,1
permits,1
untrained,1
depend,1
excluding,1
livelihoods,1
adjacent,1
official,1
permission,1
undertook,1
hoc,1
bilities,1
willingness,1
ramifications,1
closer,1
heightened,1
subjected,1
advises,1
exploitative,1
harmful,1
imminent,1
posing,1
grounded,1
ects,1
proj,1
likelihood,1
ened,1
conclude,1
evaluated,1
satisfactorily,1
grievances,1
imprudent,1
phases,1
feasibility,1
informally,1
consultant,1
refuge,1
survival,1
abuse,1
recurring,1
remedies,1
apologies,1
sight,1
restore,1
violated,1
involves,1
hinder,1
sponsors,1
subcontractors,1
livelihood,1
consented,1
extent,1
sures,1
disclo,1
inde,1
renewing,1
until,1
discovered,1
violent,1
pendent,1
opposition,1
mine,1
episodic,1
precise,1
screens,1
responsibili,1
discrim,1
ners,1
discrimina,1
inherent,1
personhood,1
entity,1
mandated,1
ination,1
instances,1
catalyzes,1
nity,1
ees,1
mediums,1
handbooks,1
phil,1
organize,1
catalyze,1
exiting,1
conforms,1
resistance,1
toolkit,1
silo,1
rows,1
blue,1
handling,1
vation,1
preser,1
provider,1
agendas,1
treaty,1
banned,1
civilians,1
anthropic,1
knowingly,1
discriminate,1
tom,1
diminishes,1
entails,1
priori,1
hunter,1
automatic,1
arms,1
semiautomatic,1
modify,1
bump,1
magazines,1
check,1
regulator,1
bot,1
sell,1
eradicate,1
marginalized,1
undermine,1
viola,1
illicit,1
harbor,1
abusers,1
denying,1
perpetrating,1
disrupting,1
passing,1
criminally,1
frequency,1
ultimate,1
recommen,1
dations,1
lodge,1
cooperate,1
monopoly,1
lighter,1
spanish,1
turkish,1
simplified,1
simpler,1
disposal,1
logistics,1
weight,1
servers,1
custody,1
outer,1
envelopes,1
cations,1
language,1
choosing,1
russian,1
portuguese,1
korean,1
japanese,1
hungarian,1
german,1
english,1
arabic,1
translate,1
cultures,1
rigor,1
gauge,1
tenth,1
hire,1
anchor,1
contracting,1
columbia,1
epeat,1
desktop,1
externally,1
balanced,1
delegating,1
consulting,1
nominating,1
compensate,1
benchmarking,1
motivate,1
restatements,1
iconic,1
fiscal,1
claims,1
implications,1
ratios,1
salaries,1
layers,1
decisive,1
investigates,1
receipt,1
violate,1
harassed,1
discriminated,1
overseas,1
forth,1
maker,1
seasonal,1
schools,1
outsourced,1
skill,1
nonemployees,1
purchases,1
noncore,1
brands,1
cohort,1
nies,1
compa,1
strides,1
accelerant,1
pandem,1
influencing,1
certi,1
fied,1
roster,1
foundational,1
afloat,1
abide,1
publishes,1
outlining,1
embeds,1
bidding,1
philanthropist,1
interconnec,1
pation,1
partici,1
tries,1
indus,1
mailing,1
fax,1
hour,1
whistleblowers,1
lands,1
centre,1
banktrack,1
consultants,1
drafting,1
parency,1
prohibi,1
formalize,1
possibilities,1
dealer,1
breakfast,1
dual,1
avenues,1
successfully,1
outreach,1
chal,1
lenges,1
grew,1
aboriginal,1
canadian,1
memberships,1
capacities,1
reflecting,1
sponsored,1
procuring,1
upcoming,1
invited,1
titled,1
weekly,1
easily,1
certifies,1
wake,1
spur,1
procured,1
sis,1
chatham,1
empha,1
reinforcing,1
syndicate,1
priced,1
commemorate,1
connec,1
primarily,1
ppa,1
pools,1
parks,1
traditionally,1
celebrated,1
roll,1
sleeves,1
packaging,1
meals,1
curb,1
nego,1
forcing,1
lieu,1
reuse,1
buckets,1
renovated,1
errands,1
warming,1
panel,1
alumni,1
lisc,1
reduc,1
expan,1
adjustment,1
sion,1
science,1
unrestricted,1
gathered,1
aiming,1
emmisions,1
utility,1
certifi,1
landlords,1
originated,1
recapture,1
neighbors,1
donating,1
mihir,1
falls,1
acute,1
dakota,1
multilateral,1
dozens,1
ireland,1
patients,1
palliative,1
quilting,1
knitting,1
crocheting,1
shields,1
printer,1
plastics,1
reusable,1
aren,1
replaced,1
mask,1
medications,1
groceries,1
consumables,1
baskets,1
versed,1
rudinei,1
exceptional,1
stats,1
counseling,1
isolation,1
frontline,1
surpass,1
sliding,1
cates,1
credits,1
fungi,1
rainwater,1
screen,1
protective,1
burdens,1
multifaceted,1
princi,1
irrigate,1
plaza,1
inequalities,1
ples,1
catalyst,1
mildew,1
mold,1
yeast,1
bacteria,1
announcing,1
inhospitable,1
antimicrobial,1
terraces,1
cogeneration,1
scooter,1
develops,1
superpedestrian,1
embark,1
acquire,1
discover,1
fueled,1
heat,1
byproduct,1
captured,1
solidifying,1
meal,1
latinx,1
complicated,1
origin,1
fallen,1
tionably,1
unques,1
repercussions,1
lasting,1
lease,1
properties,1
procure,1
tips,1
webcasts,1
package,1
opted,1
partial,1
windows,1
kits,1
dramatically,1
demolition,1
indoor,1
tanks,1
stormwater,1
forbearance,1
runoff,1
gallons,1
banker,1
transported,1
hardship,1
waivers,1
converted,1
insecurity,1
pooled,1
tiate,1
perch,1
childhood,1
alimentos,1
amigo,1
paq,1
mile,1
distributors,1
modeling,1
illiteracy,1
highly,1
donates,1
traded,1
electronically,1
organiza,1
widespread,1
disruption,1
thereby,1
sizes,1
integrates,1
shop,1
analyze,1
kenyan,1
disruptor,1
estimates,1
analytic,1
scoring,1
assem,1
bled,1
weren,1
ford,1
anal,1
stores,1
neighborhood,1
findex,1
database,1
lends,1
ated,1
ships,1
fluctuate,1
anticipated,1
tory,1
undertakes,1
experi,1
quantify,1
iteration,1
inconsistencies,1
allocate,1
preindustrial,1
persistent,1
preparing,1
associ,1
pertains,1
reaches,1
ning,1
industrializa,1
initially,1
distribu,1
strives,1
automotive,1
shocks,1
microloans,1
brac,1
shillings,1
ugandan,1
cement,1
returns,1
frontier,1
saharan,1
ysis,1
ventilators,1
doses,1
ings,1
bunkering,1
coordinated,1
mac,1
freddie,1
mae,1
fannie,1
ocean,1
alterna,1
confirmed,1
epidemic,1
immunisation,1
accomplishes,1
viding,1
emergen,1
somewhat,1
produce,1
enormously,1
ernmental,1
nongov,1
execution,1
retrofitted,1
referred,1
accomplish,1
tives,1
upper,1
algeria,1
sioux,1
speedy,1
prices,1
scalable,1
vessels,1
anesthesia,1
exceptions,1
distribute,1
counterparties,1
mountaintop,1
panies,1
collections,1
expansions,1
derive,1
anticipation,1
guarantee,1
rehab,1
rad,1
demonstration,1
seniors,1
lent,1
financier,1
preserve,1
shuttered,1
homestead,1
landings,1
struction,1
recon,1
pursued,1
marked,1
tenants,1
remains,1
caused,1
andrew,1
getting,1
seattle,1
commercially,1
interiors,1
conserves,1
election,1
homeowner,1
old,1
pounds,1
vices,1
missouri,1
louis,1
shops,1
tony,1
prize,1
embracing,1
discomfort,1
committing,1
coverings,1
facial,1
packages,1
preneurship,1
entre,1
holiday,1
lights,1
repaired,1
ute,1
tainability,1
ately,1
francisco,1
san,1
disproportion,1
equitably,1
cantly,1
video,1
conferencing,1
affording,1
traveling,1
honest,1
shifts,1
rotating,1
insufficient,1
inviting,1
giveaways,1
venture,1
teamed,1
startup,1
pronounced,1
sprang,1
manila,1
twice,1
philippines,1
turned,1
obtaining,1
tirelessly,1
qualify,1
hampered,1
manish,1
thriving,1
desktops,1
obsolete,1
denounce,1
headline,1
certainly,1
finalizing,1
sat,1
distilling,1
rooms,1
configuration,1
pulled,1
dramatic,1
migration,1
redoubling,1
impede,1
whenever,1
mirrored,1
ularly,1
realty,1
reorganized,1
storm,1
quick,1
bolder,1
prepa,1
ration,1
imme,1
diate,1
shone,1
assured,1
seminal,1
refuse,1
alternatives,1
inflection,1
compro,1
mises,1
submitted,1
transmission,1
stream,1
file,1
nonpotable,1
cumulative,1
inactive,1
disposed,1
revised,1
grid,1
residual,1
default,1
coordinate,1
partic,1
gave,1
needle,1
store,1
vide,1
police,1
arrested,1
killed,1
man,1
pretax,1
leveling,1
economies,1
demographics,1
untapped,1
unlock,1
missions,1
converge,1
truly,1
robustness,1
definitive,1
subway,1
lies,1
bus,1
ferry,1
vanpool,1
toll,1
racks,1
car,1
failure,1
charging,1
gross,1
eliminated,1
examined,1
bono,1
quizzes,1
padsplit,1
dimming,1
amputee,1
wheelchair,1
appointments,1
doctor,1
memphis,1
tenn,1
marketplace,1
earth,1
chicago,1
bottles,1
clerkie,1
fixtures,1
automation,1
streamlines,1
leg,1
diabetic,1
grandmother,1
struggles,1
sensors,1
daylight,1
plybeah,1
erica,1
overlooked,1
rides,1
booking,1
ceiling,1
founder,1
foot,1
toilets,1
monitors,1
consid,1
creditors,1
plumbing,1
amenities,1
deck,1
cleaner,1
smarter,1
saves,1
rewarded,1
dirty,1
choose,1
calif,1
oakland,1
ohmconnect,1
mocafi,1
predictive,1
struc,1
algorithms,1
tural,1
patented,1
fulcrum,1
slab,1
ketos,1
homebuilding,1
digm,1
para,1
slabs,1
exterior,1
icon,1
fewer,1
jet,1
fuels,1
solid,1
converts,1
bioenergy,1
nated,1
desig,1
exhibited,1
preferential,1
surface,1
dis,1
breathe,1
tancing,1
legacy,1
intentional,1
ventilation,1
plexi,1
sanitizing,1
spaces,1
drop,1
gener,1
wasn,1
reimagining,1
includ,1
essay,1
absence,1
compounding,1
expensive,1
highway,1
scarce,1
lowest,1
educational,1
lockdowns,1
allocating,1
putting,1
fur,1
ther,1
conversely,1
genera,1
tuted,1
insti,1
rounds,1
vating,1
erations,1
concept,1
acoustics,1
intentionally,1
adding,1
ogy,1
technol,1
furniture,1
occupants,1
ideals,1
reno,1
inflicted,1
streets,1
ugliness,1
jog,1
excerpt,1
mundane,1
granted,1
intersection,1
denied,1
ployee,1
dangers,1
reminders,1
kentucky,1
taylor,1
breonna,1
georgia,1
arbery,1
ahmaud,1
minnesota,1
advances,1
reputable,1
brooklyn,1
mastercard,1
ratings,1
criticized,1
ranked,1
outspoken,1
binary,1
calling,1
equities,1
soundness,1
suppli,1
incentivizes,1
feature,1
securitized,1
employers,1
nationwide,1
minister,1
prime,1
guaranteed,1
supreme,1
urging,1
notes,1
refinanced,1
confluence,1
gun,1
immigration,1
effect,1
megawatt,1
candid,1
webinars,1
featuring,1
let,1
neurodiversity,1
subminimum,1
passage,1
discriminatory,1
merge,1
embarking,1
rightly,1
vigilance,1
constant,1
license,1
prudent,1
underwriter,1
ipo,1
corp,1
socially,1
spacs,1
commonly,1
technicians,1
existed,1
broke,1
allocations,1
reality,1
appropriately,1
shown,1
underwritten,1
illness,1
experiencing,1
thesis,1
reaffirmed,1
goes,1
multiply,1
benchmarks,1
perfect,1
era,1
opportunistic,1
vision,1
assistive,1
lunches,1
respones,1
pairing,1
union,1
alliances,1
albeit,1
row,1
stop,1
gathering,1
cooperative,1
successors,1
readiness,1
pivoting,1
circles,1
proud,1
turn,1
assists,1
cooperativo,1
manageable,1
matrix,1
suggested,1
berendo,1
sage,1
incredible,1
rewarding,1
carry,1
unlikely,1
extraordinary,1
celebration,1
aside,1
capitalization,1
acceptance,1
participant,1
umove,1
aapi,1
welcoming,1
loca,1
island,1
condemned,1
chaired,1
flexibly,1
consolidation,1
fulfillment,1
empow,1
attendees,1
vows,1
wall,1
servists,1
guard,1
salutes,1
polluting,1
upward,1
colorism,1
colorismo,1
nonconventional,1
producers,1
acquiring,1
assignments,1
japan,1
jica,1
progression,1
sponsorship,1
ascent,1
ernst,1
sponsoring,1
banco,1
modernization,1
cated,1
fourth,1
err,1
wild,1
lost,1
humanity,1
neither,1
tolerate,1
doubt,1
side,1
allo,1
submission,1
translators,1
consortia,1
prompt,1
undp,1
canopy,1
mammals,1
loyalty,1
misplaced,1
speaking,1
rationalization,1
modules,1
releasing,1
game,1
resolve,1
inspire,1
quarters,1
ice,1
positively,1
academy,1
encouragement,1
sciences,1
reprisal,1
anonymously,1
attribution,1
cue,1
eration,1
roadmap,1
gifts,1
indeed,1
pure,1
localization,1
prioritization,1
kpi,1
officials,1
elected,1
indirectly,1
workplaces,1
classrooms,1
collectively,1
ranking,1
coop,1
raises,1
nonsolicitation,1
customized,1
lapses,1
commonplace,1
enhancements,1
boards,1
referrals,1
vendor,1
formations,1
accommodation,1
reason,1
realization,1
passenger,1
participates,1
fear,1
reverse,1
trend,1
thoroughly,1
origi,1
reset,1
underpinned,1
nation,1
thing,1
multinational,1
speed,1
streamlined,1
unify,1
mapping,1
oversaw,1
tee,1
leverages,1
excellent,1
disappointed,1
candor,1
modernize,1
entered,1
nating,1
elimi,1
automating,1
origination,1
ronment,1
redesign,1
optimal,1
remediating,1
fragmented,1
peetz,1
karen,1
mentally,1
liquid,1
mind,1
strength,1
contained,1
boom,1
suspected,1
reflection,1
ios,1
scenar,1
reaffirm,1
counter,1
historic,1
modestly,1
totaled,1
remarkable,1
emerge,1
certificate,1
predefined,1
nascent,1
disruptive,1
totalling,1
pick,1
prudently,1
dealing,1
ethically,1
expecta,1
uted,1
complying,1
bench,1
followed,1
euro,1
begins,1
puts,1
massive,1
signaled,1
manufacturer,1
drew,1
refresh,1
productivity,1
cope,1
portfo,1
cooking,1
exposures,1
pursuing,1
recharge,1
soe,1
egy,1
everywhere,1
birthing,1
sory,1
paren,1
tal,1
schedules,1
workweeks,1
compressed,1
flextime,1
lio,1
answer,1
halls,1
integra,1
preference,1
expressing,1
sidebar,1
exploring,1
quantifying,1
told,1
eventually,1
fashion,1
collaborators,1
nonbirthing,1
advi,1
birth,1
carryover,1
utilize,1
unequivocally,1
antithetical,1
dependents,1
teenage,1
behavioral,1
confidential,1
eating,1
pillar,1
prescriptions,1
determin,1
analyzed,1
visits,1
vulner,1
extra,1
periods,1
babysitting,1
discounts,1
waived,1
nanny,1
subsidized,1
salary,1
parenting,1
reimbursement,1
identi,1
fying,1
charitable,1
sabbaticals,1
simply,1
sabbatical,1
taught,1
distancing,1
perva,1
labs,1
tially,1
substan,1
initia,1
manifesting,1
mentor,1
coaches,1
mentors,1
opportuni,1
competed,1
empowers,1
lab,1
pitch,1
prototypes,1
signa,1
democratizing,1
milestone,1
tories,1
jamaica,1
kazakhstan,1
conscious,1
entering,1
slightly,1
russia,1
cincinnati,1
county,1
implying,1
art,1
perez,1
armory,1
avenue,1
hits,1
longest,1
caregiving,1
sors,1
juggling,1
dates,1
yielding,1
rethink,1
pushed,1
cate,1
gories,1
firmly,1
weekend,1
upgraded,1
taxonomy,1
foremost,1
think,1
supervi,1
supervisors,1
millionth,1
rolling,1
observers,1
deepened,1
supervised,1
tations,1
dimensional,1
nonlinear,1
representing,1
sept,1
dec,1
transversal,1
capable,1
station,1
installation,1
radical,1
visible,1
condemning,1
innovate,1
elissar,1
heads,1
polymers,1
elevate,1
intentionality,1
tenure,1
coincidence,1
accident,1
considers,1
helm,1
farming,1
bookrunning,1
extends,1
showed,1
dynamics,1
antonios,1
promoted,1
statistically,1
calculator,1
times,1
moment,1
oversubscribed,1
compensated,1
attracted,1
existence,1
sanitary,1
geography,1
sewerage,1
substitution,1
virgin,1
farah,1
polymer,1
send,1
exchange,1
owner,1
perceptions,1
useful,1
operator,1
roughly,1
pipelines,1
longstanding,1
spinoff,1
listing,1
owning,1
filled,1
topmost,1
insight,1
gained,1
simultaneously,1
honor,1
represen,1
executed,1
voluntarily,1
allowing,1
inaugu,1
ral,1
generic,1
specialty,1
turing,1
rilsan,1
polyamide,1
wholly,1
communicates,1
promotes,1
signal,1
unadjusted,1
quantification,1
maintained,1
sophomore,1
comprises,1
reliable,1
adaptive,1
defin,1
tying,1
witnessed,1
season,1
transi,1
slower,1
emis,1
feels,1
reductions,1
club,1
physically,1
falling,1
dialogues,1
henry,1
peter,1
margins,1
dick,1
grown,1
evidenced,1
continual,1
ran,1
belonging,1
indicating,1
unconscious,1
michael,1
differently,1
hands,1
denotes,1
interning,1
meritocracy,1
completing,1
replacement,1
keys,1
timeframe,1
toxic,1
jumped,1
reassurance,1
wanted,1
abbreviated,1
discarded,1
residential,1
hardest,1
freshwater,1
pool,1
tradeoff,1
freshman,1
kill,1
sophomores,1
profession,1
atmosphere,1
kickoff,1
introductory,1
soil,1
hbcu,1
fertility,1
attract,1
wayup,1
jopwell,1
structured,1
exploratory,1
servicemarks,1
