SSB words,frequency
and,2122
the,1659
our,1019
state,681
street,678
esg,540
for,429
report,358
with,357
that,345
are,287
risk,287
climate,232
global,228
business,209
management,208
employees,199
investment,183
their,174
this,158
risks,158
data,145
have,137
information,134
financial,123
all,120
clients,117
fund,115
from,114
related,114
companies,113
employee,110
reporting,106
not,105
asset,103
diversity,103
material,102
services,102
change,100
corporate,99
which,98
governance,98
environmental,98
including,95
other,94
these,93
company,89
equity,88
also,85
issues,85
team,85
its,85
board,84
across,82
long,82
approach,82
term,81
more,81
index,81
energy,81
through,81
program,80
committee,76
compliance,75
operations,75
total,75
development,74
work,74
well,73
goals,71
they,70
portfolio,70
impact,70
year,69
emissions,69
engagement,69
based,68
stewardship,68
provide,67
has,67
value,66
any,66
sustainability,66
non,65
strategy,64
support,64
new,64
activities,63
scope,63
conduct,61
into,61
technology,61
opportunities,61
impacts,60
performance,60
carbon,60
policy,60
human,59
includes,57
gri,57
will,55
standards,55
topic,54
assets,54
advisors,54
social,54
policies,53
screened,52
such,52
help,51
efforts,51
responsible,50
how,50
process,50
can,50
part,50
may,49
within,49
time,48
specific,47
market,46
programs,46
review,45
stakeholders,45
security,45
each,44
working,43
world,43
framework,43
include,43
factors,42
communities,42
gender,42
talent,42
key,42
was,41
leadership,41
products,41
responsibility,41
better,40
investors,40
ghg,40
diverse,40
focus,40
potential,39
around,39
training,39
than,39
where,39
assurance,39
sustainable,39
them,39
anti,38
inclusion,38
systems,38
were,38
disclosures,38
due,38
industry,38
best,37
tcfd,37
water,37
operational,37
liquidity,36
organization,36
covid,36
waste,36
processes,35
executive,35
those,35
commitment,35
manage,35
strategies,34
regarding,34
against,34
understand,34
addition,34
sasb,34
capital,34
regulatory,33
group,33
provides,33
rights,33
ensure,33
percentage,33
high,33
committed,32
investing,32
corruption,32
managers,32
own,32
practices,32
level,32
client,31
voting,31
markets,31
solutions,31
when,31
use,31
topics,31
culture,31
footprint,31
while,31
organizations,30
see,30
research,30
relevant,30
following,30
boards,30
portfolios,30
oversight,30
internal,30
trust,30
credit,30
who,30
both,29
foundation,29
continue,29
focused,29
percent,29
being,29
direct,29
continued,29
make,28
under,28
globally,28
learning,28
been,28
local,28
reduction,28
workforce,28
directors,28
guidelines,27
senior,27
black,27
three,27
whether,27
projects,27
per,27
one,27
women,27
address,27
legal,27
emerging,27
recycling,26
over,26
metrics,26
teams,26
important,26
engage,26
physical,26
action,26
proxy,26
annual,26
third,25
two,25
overall,25
needs,25
female,25
but,25
goal,25
years,24
environment,24
number,24
most,24
sub,24
during,24
excellence,24
objectives,24
supply,24
made,24
associated,24
progress,24
external,24
class,23
volunteer,23
decision,23
meet,23
standard,23
metric,23
role,23
ways,23
resources,23
capabilities,23
should,23
renewable,23
future,23
regulations,22
assessment,22
ssga,22
indirect,22
create,22
result,22
education,22
infrastructure,22
low,22
day,22
making,22
investments,22
community,22
offer,22
procedures,22
identify,22
four,22
suppliers,22
analysis,22
line,22
greater,22
usage,22
ability,22
professional,21
first,21
invest,21
officer,21
core,21
chain,21
providing,21
employment,21
innovation,21
racial,21
erm,21
results,21
common,21
active,21
disclosure,21
travel,21
privacy,21
about,21
racism,21
pandemic,21
matters,21
principles,21
loss,21
initiatives,21
awareness,20
take,20
areas,20
managing,20
helping,20
designed,20
pay,20
monitoring,20
strategic,20
lending,20
recs,20
category,20
enterprise,20
quality,20
members,20
accordance,20
does,20
investor,20
exposure,20
available,19
range,19
levels,19
initiative,19
requirements,19
frameworks,19
united,19
labor,19
factor,19
skills,19
further,19
wide,19
service,19
serve,19
virtual,19
effective,19
economic,19
access,19
decisions,19
end,18
building,18
independent,18
full,18
rate,18
office,18
possible,18
audit,18
compact,18
fuel,18
set,18
improve,18
many,18
way,18
must,18
promote,17
enable,17
meetings,17
evaluation,17
plan,17
develop,17
materiality,17
she,17
some,17
latinx,17
power,17
boston,17
health,17
director,17
could,17
large,17
controls,17
enhance,17
managed,17
country,16
strong,16
funds,16
businesses,16
greenhouse,16
using,16
assess,16
gas,16
partners,16
vice,16
different,16
events,16
bribery,16
hours,16
used,16
basis,16
out,16
below,16
nonprofit,16
people,16
party,16
representation,16
what,16
drive,16
added,16
inclusive,16
returns,16
throughout,16
success,16
additional,15
network,15
competitive,15
cybersecurity,15
reducing,15
engagements,15
challenges,15
consumption,15
benefits,15
servers,15
transition,15
significant,15
opportunity,15
electricity,15
providers,15
increase,15
etf,15
regularly,15
chief,15
equal,15
balance,15
grant,15
owned,15
public,15
measure,15
platform,15
reduce,15
securities,15
actions,15
values,15
analytics,15
since,15
protection,14
amount,14
presented,14
five,14
custody,14
reports,14
variety,14
servicing,14
regular,14
functions,14
absolute,14
engaged,14
laws,14
effectiveness,14
open,14
growth,14
included,14
operating,14
only,14
leaders,14
driven,14
institutional,14
improving,14
product,14
creation,14
monitor,14
spdr,14
million,14
income,14
toward,14
supporting,14
there,14
tons,14
communication,14
committees,14
flexible,13
measures,13
leading,13
directly,13
shareholders,13
every,13
evaluate,13
area,13
various,13
interest,13
intensity,13
believe,13
partner,13
live,13
hold,13
december,13
networks,13
target,13
actively,13
provided,13
europe,13
period,13
defense,13
funding,13
president,13
response,13
centers,13
retention,13
location,13
supplier,13
herein,13
center,13
appropriate,13
tax,13
consistent,13
transparency,13
ethical,13
between,13
characteristics,13
corporation,13
developed,12
component,12
countries,12
ceo,12
stress,12
directive,12
targets,12
helps,12
criteria,12
tools,12
personal,12
upon,12
categories,12
implementing,12
principle,12
native,12
targeted,12
marketing,12
partnership,12
professionals,12
need,12
informed,12
cyber,12
america,12
build,12
section,12
identified,12
male,12
shareholder,12
manager,12
required,12
place,12
reduced,12
understanding,12
options,12
last,12
ongoing,12
resilience,12
mitigate,12
locations,12
creating,12
early,12
example,12
tonnes,12
integration,12
had,12
launched,12
resiliency,12
statements,12
multi,11
supported,11
sheet,11
cvs,11
however,11
able,11
obligations,11
inequality,11
massachusetts,11
trading,11
positions,11
leverage,11
form,11
experience,11
multiple,11
priority,11
fixed,11
given,11
engaging,11
generate,11
minority,11
consider,11
top,11
taken,11
lines,11
disclose,11
complete,11
fiduciary,11
now,11
real,11
means,11
importance,11
operate,11
allows,11
comprehensive,11
list,11
assessments,11
efficiency,11
above,11
applicable,11
relative,11
positive,11
american,11
diligence,11
leveraging,11
customer,11
project,11
north,11
disclosed,11
second,11
offices,11
ethics,11
subject,11
remotely,11
globe,11
existing,11
remediation,11
developing,11
safety,11
behavior,11
incidents,10
medium,10
charitable,10
assessing,10
structure,10
major,10
model,10
regions,10
accuracy,10
conditions,10
responsibly,10
life,10
unique,10
become,10
system,10
reviews,10
implementation,10
conclusions,10
increasing,10
attract,10
average,10
sectors,10
respond,10
procurement,10
accounting,10
would,10
good,10
achieve,10
several,10
central,10
lead,10
screening,10
together,10
vote,10
enhanced,10
ifti,10
priorities,10
treasury,10
continues,10
content,10
forward,10
statement,10
force,10
task,10
integrated,10
helped,10
job,10
encourage,10
accountable,10
just,10
international,10
continuity,10
insights,10
recruitment,10
wind,10
manages,10
same,10
recognize,10
thought,10
because,10
control,10
sector,10
necessary,10
issue,10
maintain,10
view,10
act,10
considerations,10
receive,10
weather,9
classes,9
european,9
outlined,9
justice,9
spend,9
region,9
scores,9
equality,9
college,9
addressing,9
increasingly,9
among,9
short,9
exercise,9
responses,9
changing,9
why,9
current,9
workplace,9
limited,9
identifying,9
otherwise,9
cis,9
communications,9
indicators,9
nominating,9
institutions,9
perspectives,9
girls,9
effort,9
sources,9
appetite,9
reputational,9
perspective,9
improvement,9
proceedings,9
concerns,9
buildings,9
proposals,9
additionally,9
primary,9
fossil,9
msci,9
generated,9
performed,9
survey,9
largest,9
economy,9
bond,9
member,9
gain,9
you,9
collective,9
maximize,9
track,9
forced,9
interviews,9
advance,9
cash,9
candidates,9
option,9
type,9
ethnic,9
return,9
mitigation,8
nor,8
assessed,8
students,8
particular,8
like,8
manner,8
entire,8
neutrality,8
rules,8
week,8
without,8
unit,8
detailed,8
remain,8
serves,8
customers,8
boundary,8
owners,8
please,8
certain,8
science,8
questions,8
seek,8
description,8
balanced,8
user,8
fostering,8
losses,8
bank,8
matching,8
practice,8
effectively,8
supports,8
explanation,8
requires,8
relating,8
considered,8
disruptions,8
free,8
com,8
cubic,8
resilient,8
still,8
feet,8
potentially,8
firm,8
presents,8
primarily,8
collection,8
implemented,8
created,8
expectations,8
analysts,8
staff,8
general,8
main,8
broader,8
establish,8
conversations,8
highest,8
industries,8
japan,8
allow,8
law,8
beyond,8
facilitate,8
paid,8
face,8
share,8
align,8
stock,8
dedicated,8
commuting,8
currently,8
slavery,8
april,8
found,8
alignment,8
continuously,8
guidance,8
changes,8
nations,8
person,8
critical,8
offers,8
needed,8
oversees,8
higher,8
firms,8
insurance,8
monitors,7
consolidating,7
holdings,7
green,7
whose,7
national,7
iso,7
issued,7
allowing,7
billion,7
lcr,7
sure,7
inherent,7
very,7
debt,7
finance,7
defined,7
essential,7
outsourced,7
agencies,7
least,7
cyberattacks,7
child,7
natural,7
completed,7
provider,7
career,7
technologies,7
order,7
pacific,7
estimate,7
participate,7
protocol,7
testing,7
cap,7
quantitative,7
care,7
solution,7
concerning,7
kingdom,7
profile,7
score,7
exclusionary,7
units,7
date,7
individuals,7
challenge,7
capacity,7
longer,7
groups,7
vendors,7
tool,7
built,7
gap,7
truview,7
steps,7
bloomberg,7
established,7
exchange,7
prepare,7
your,7
mission,7
monetary,7
select,7
conducting,7
offering,7
learn,7
ensures,7
highly,7
determine,7
models,7
achieving,7
controversies,7
influence,7
off,7
closely,7
sourcing,7
size,7
stakeholder,7
transparent,7
offerings,7
point,7
aligned,7
strengthening,7
software,7
aimed,7
integrate,7
commitments,7
conducts,7
benefit,7
incorporate,7
status,7
cross,7
reserves,7
union,7
clear,7
approximately,7
six,7
led,7
advisor,7
focusing,7
conducted,7
stay,7
according,7
prior,7
outcomes,7
recent,7
gifts,7
after,7
planning,7
transactions,7
crisis,7
deemed,6
small,6
government,6
others,6
contributed,6
aggregate,6
drivers,6
began,6
extreme,6
positioned,6
reported,6
worked,6
audits,6
even,6
underlying,6
scenarios,6
know,6
seeking,6
play,6
typically,6
eeo,6
skilled,6
resulting,6
impacted,6
bonds,6
geographic,6
zero,6
plans,6
trafficking,6
knowledge,6
expect,6
event,6
feel,6
serafeim,6
expressed,6
holding,6
input,6
peers,6
exploring,6
demonstrated,6
assistance,6
extends,6
parental,6
workers,6
reputation,6
approving,6
less,6
costs,6
today,6
leader,6
grants,6
post,6
next,6
baseline,6
continuing,6
alternative,6
cost,6
evolve,6
perform,6
sexual,6
pride,6
asian,6
mitigating,6
determining,6
ownership,6
strengthen,6
aut,6
damage,6
assured,6
meaningful,6
september,6
parties,6
robust,6
reductions,6
attracting,6
expertise,6
certified,6
styles,6
integrating,6
violation,6
apply,6
deliver,6
accountability,6
comply,6
regulation,6
scale,6
behalf,6
overseen,6
driving,6
statestreet,6
realty,6
performing,6
prioritize,6
reasonably,6
recognized,6
users,6
approaches,6
city,6
issuer,6
methodology,6
incorporated,6
horizon,6
listed,6
transportation,6
wealth,6
implement,6
expanded,6
breaches,6
ourselves,6
surveys,6
offsets,6
estimated,6
innovative,6
therefore,6
thematic,6
advisory,6
limits,6
emea,6
context,6
ireland,6
near,6
disadvantaged,6
adoption,6
presentation,6
nearly,6
rather,6
council,6
ensuring,6
states,6
fair,6
traditional,6
contributions,6
promoting,6
guide,5
adapt,5
planned,5
speak,5
nature,5
department,5
reflects,5
covers,5
banks,5
demands,5
terms,5
annually,5
formal,5
spending,5
reviewed,5
january,5
leave,5
storage,5
single,5
actual,5
quickly,5
outside,5
organizational,5
worldwide,5
subcontractors,5
regard,5
cover,5
turnover,5
fundamental,5
processing,5
philanthropy,5
color,5
measured,5
find,5
registered,5
publicly,5
broad,5
analyze,5
construction,5
india,5
hired,5
methods,5
along,5
assesses,5
examples,5
streamlined,5
identification,5
complex,5
sets,5
series,5
types,5
confidential,5
contribute,5
initial,5
account,5
iss,5
relationships,5
volatility,5
though,5
negative,5
integrity,5
strive,5
launch,5
entity,5
complaints,5
citizen,5
position,5
torc,5
money,5
entities,5
giving,5
facilities,5
works,5
separate,5
exposures,5
quarterly,5
affect,5
certification,5
contingent,5
looking,5
pricing,5
improved,5
design,5
cases,5
grow,5
estate,5
guided,5
housing,5
roles,5
pipeline,5
trillion,5
self,5
continuous,5
volunteered,5
volunteering,5
property,5
partnered,5
follow,5
tailored,5
establishing,5
trusted,5
vendor,5
signatory,5
lower,5
outlines,5
regional,5
comparable,5
educational,5
participants,5
proud,5
executives,5
bring,5
expand,5
harassment,5
systematically,5
populations,5
details,5
believes,5
officers,5
engages,5
rates,5
recruiting,5
adherence,5
online,5
systemic,5
scenario,5
although,5
innovate,5
efficiently,5
limitations,5
healthy,5
individual,5
centralized,5
sdg,5
citizenship,5
esen,5
purchasing,5
aspects,5
served,5
prosperity,5
forestry,5
adapting,5
guarantees,5
african,5
ratio,5
similar,5
independence,5
platforms,5
proprietary,5
scoring,5
purposes,5
qualifications,5
eoc,5
vision,5
equitable,5
experiences,5
fairly,5
isg,5
written,5
backgrounds,5
ultimately,5
emission,5
require,5
compensation,5
come,5
dialogue,5
confirmed,5
composition,5
encouraging,5
respect,5
examining,5
prepared,5
presence,5
code,5
achieved,5
political,5
york,5
things,4
equivalent,4
execution,4
agenda,4
jurisdictions,4
origin,4
requests,4
reviewing,4
operation,4
prevention,4
qualitative,4
behavioral,4
awards,4
incorporation,4
findings,4
recommendations,4
poland,4
advice,4
respects,4
introduction,4
light,4
rec,4
then,4
met,4
previous,4
vary,4
disruption,4
grantees,4
covered,4
circumstances,4
enforcement,4
mandatory,4
modern,4
transaction,4
start,4
collaboration,4
outcome,4
gases,4
ssa,4
municipal,4
philanthropic,4
eap,4
realize,4
salary,4
resulted,4
depends,4
partnerships,4
retain,4
institution,4
wherever,4
threats,4
intensive,4
communicate,4
cloud,4
either,4
consistency,4
expected,4
affected,4
fluctuations,4
alaska,4
daily,4
prevent,4
revenue,4
protect,4
policymakers,4
safe,4
society,4
check,4
website,4
rule,4
undertake,4
focuses,4
accrued,4
probable,4
competitors,4
school,4
belief,4
aspect,4
currency,4
principal,4
combating,4
returning,4
purpose,4
equities,4
cio,4
reflection,4
discrimination,4
ncf,4
tat,4
appropriately,4
reflect,4
streams,4
embedded,4
classification,4
fourth,4
done,4
rick,4
acknowledge,4
mid,4
prohibiting,4
ungc,4
associate,4
restricted,4
breadth,4
chains,4
svp,4
generally,4
structures,4
recognition,4
especially,4
record,4
precautionary,4
implications,4
disrupt,4
private,4
aware,4
site,4
presidents,4
run,4
advancement,4
growing,4
races,4
white,4
hispanic,4
parts,4
systematic,4
interests,4
heating,4
collecting,4
constitute,4
cooling,4
past,4
received,4
bewell,4
apac,4
journey,4
membership,4
tested,4
avp,4
purchased,4
via,4
freedom,4
uses,4
sell,4
workshops,4
numbers,4
components,4
indian,4
considers,4
audited,4
recovery,4
hawaiian,4
bias,4
minimize,4
entertainment,4
safeguard,4
conflicts,4
flexibility,4
themed,4
pathways,4
net,4
internally,4
chairman,4
selection,4
letter,4
islander,4
itself,4
customized,4
municipalities,4
redemptions,4
ever,4
sec,4
association,4
constantly,4
facing,4
improves,4
known,4
relation,4
give,4
failures,4
involving,4
venture,4
compared,4
table,4
seen,4
trends,4
interactive,4
voluntary,4
suite,4
affordable,4
filing,4
solar,4
traded,4
purchases,4
enables,4
points,4
specint,4
gtrm,4
withstand,4
campaign,4
diversification,4
lincoln,4
sensitive,4
arising,4
represents,4
obtained,4
expanding,4
petabytes,4
redemption,4
agree,4
neither,4
discuss,4
associations,4
specialists,4
commonwealth,4
hedged,4
stewards,4
web,4
dates,4
counterparties,4
bargaining,4
always,4
agreements,4
protections,4
agent,4
offset,4
empower,4
almost,4
asia,4
move,4
boundaries,4
setting,4
intended,4
australia,4
canada,4
cognizant,4
likely,4
reach,4
noted,4
matter,4
indexing,4
attention,4
consumed,4
feedback,4
ucits,4
academics,4
socioeconomic,4
mechanism,4
adaptation,4
charged,4
rigorous,4
limiting,3
savings,3
subscriptions,3
eligible,3
keep,3
liquid,3
latino,3
indices,3
mechanisms,3
fraud,3
strongly,3
commerce,3
iut,3
utility,3
regulated,3
portion,3
disagree,3
abs,3
emergency,3
majority,3
associates,3
denominator,3
solicitation,3
did,3
ideas,3
moved,3
cre,3
enabling,3
proactively,3
decent,3
monitored,3
overseeing,3
arrangements,3
contributing,3
attributes,3
flex,3
composed,3
competition,3
located,3
abuses,3
cdi,3
insight,3
strategically,3
employability,3
moving,3
alpha,3
ratings,3
sterling,3
secure,3
despite,3
capture,3
clearing,3
schools,3
stocks,3
increases,3
expenses,3
clean,3
george,3
involves,3
offshore,3
respondents,3
define,3
composite,3
responding,3
corporates,3
leverages,3
draw,3
days,3
municipals,3
age,3
nonprofits,3
approval,3
philosophy,3
efficacy,3
zombie,3
beneficial,3
challenging,3
diesel,3
schedule,3
donations,3
revenues,3
makes,3
specints,3
capitalization,3
linux,3
row,3
ecrc,3
update,3
encompasses,3
foster,3
home,3
positively,3
slate,3
underscoring,3
foundational,3
hiring,3
lack,3
increased,3
scorecards,3
evp,3
dioxide,3
follows,3
progressive,3
disabilities,3
meets,3
economies,3
outline,3
items,3
residual,3
reinforced,3
taking,3
evolving,3
views,3
crises,3
enlist,3
retaining,3
similarly,3
neutral,3
strength,3
proper,3
ssb,3
vulnerabilities,3
accordingly,3
evidence,3
basic,3
worker,3
thus,3
delivering,3
mobility,3
back,3
sound,3
interruptions,3
requirement,3
occur,3
uncertainties,3
frequency,3
severity,3
measuring,3
segments,3
email,3
show,3
think,3
document,3
once,3
sovereign,3
landfill,3
demonstrate,3
trainings,3
calculating,3
windows,3
interactions,3
periods,3
whistleblower,3
concentrated,3
describes,3
pillars,3
remuneration,3
adopt,3
unix,3
advised,3
intermediaries,3
administered,3
considering,3
rapidly,3
updated,3
indicator,3
affecting,3
having,3
lessons,3
unconscious,3
hosted,3
function,3
dimensions,3
tenor,3
london,3
figures,3
choice,3
deeper,3
coordinated,3
bodies,3
want,3
put,3
themes,3
promotion,3
head,3
didn,3
communicated,3
seriously,3
rely,3
adding,3
smaller,3
dedication,3
alongside,3
often,3
jersey,3
discussions,3
secondary,3
settlement,3
anything,3
adjusted,3
determined,3
times,3
stronger,3
shifted,3
look,3
utilized,3
poor,3
liabilities,3
produce,3
ron,3
choose,3
historic,3
hanley,3
philosophies,3
escalation,3
integral,3
structural,3
accredited,3
gfs,3
maintaining,3
raised,3
hence,3
financing,3
consolidated,3
held,3
verification,3
driver,3
relevance,3
capitalism,3
screens,3
before,3
beta,3
loan,3
employs,3
acquisition,3
unregistered,3
adjustments,3
indigenous,3
objective,3
discusses,3
enhancing,3
concentration,3
largely,3
availability,3
historical,3
combination,3
payments,3
summary,3
instrument,3
present,3
accelerate,3
broaden,3
plays,3
sdgs,3
relationship,3
materials,3
drives,3
add,3
explained,3
custodial,3
replacing,3
chapters,3
older,3
ones,3
memberships,3
notice,3
discharge,3
governmental,3
became,3
utilizing,3
greatly,3
failing,3
obtain,3
affiliates,3
certificates,3
efficient,3
marketplace,3
mandates,3
ahead,3
retrofitting,3
acting,3
consideration,3
describe,3
represent,3
chosen,3
investee,3
advantaged,3
environmentally,3
headquarters,3
interns,3
gold,3
standardized,3
aim,3
regulators,3
professor,3
contact,3
retaliation,3
economically,3
violations,3
technically,3
embrace,3
successful,3
delivered,3
ballot,3
meeting,3
improvements,3
experts,3
loans,3
useful,3
abreast,3
sought,3
compulsory,3
fact,3
unpri,3
removing,3
call,3
demand,3
bravo,3
inspired,3
significantly,3
thanks,3
materially,3
generation,3
constituents,3
relied,3
francisco,3
comes,3
coverage,3
gaps,3
deaths,3
agency,3
instances,3
methane,3
handling,3
operated,3
tops,3
australian,3
incorporating,3
pools,3
establishes,3
official,3
assistant,3
adhere,3
gives,3
commingled,3
complying,3
page,3
ethically,3
steering,3
appendix,3
species,3
withdrawn,3
disability,3
totaling,3
multiasset,3
believed,3
fully,3
loyalty,3
brand,3
sanctions,3
responded,3
restrictions,3
specified,3
jurisdiction,3
gos,3
poultry,3
previously,3
pages,3
consumer,3
aum,3
credits,3
encourages,3
men,3
talented,3
employer,3
grid,3
extent,3
here,3
predominantly,3
pure,3
weighted,3
opinions,2
western,2
fell,2
hemlock,2
division,2
distorted,2
manifest,2
depending,2
item,2
ngos,2
warranty,2
klawock,2
request,2
guarantee,2
emphasizes,2
seniority,2
fee,2
litigation,2
forest,2
producing,2
restatements,2
centered,2
cycle,2
updating,2
liability,2
labeling,2
virtue,2
surpassed,2
volumes,2
induce,2
minimal,2
structuring,2
tree,2
differentiate,2
hinder,2
abac,2
shall,2
heenya,2
loops,2
condenser,2
kind,2
doing,2
explicitly,2
stand,2
contractual,2
hosting,2
kwh,2
oversee,2
biogas,2
disclaimers,2
joint,2
consult,2
hfcs,2
feasible,2
biogenic,2
numerator,2
complexity,2
anticipate,2
undertaken,2
analytical,2
informational,2
resource,2
supras,2
purchase,2
whole,2
sovereigns,2
maritime,2
ceres,2
buy,2
hotline,2
preservation,2
occupants,2
routes,2
saved,2
mbs,2
interpersonal,2
reforestation,2
style,2
saint,2
conceptual,2
close,2
technical,2
internationally,2
administrative,2
binding,2
accessibility,2
art,2
leed,2
cao,2
elements,2
highlights,2
computers,2
fte,2
tranches,2
www,2
approved,2
pounds,2
ermcvs,2
functional,2
latin,2
inappropriate,2
waterfront,2
arrangement,2
calculations,2
server,2
problem,2
independently,2
prohibits,2
authorized,2
oxide,2
nitrous,2
differ,2
manual,2
categorize,2
exercising,2
measurement,2
stressed,2
custom,2
agreed,2
volume,2
indemnified,2
smart,2
respective,2
holistic,2
collateral,2
derivatives,2
employ,2
analyst,2
judgement,2
preparing,2
revised,2
etfs,2
stratified,2
checks,2
wbcsd,2
wri,2
definitions,2
isae,2
sampling,2
error,2
patterns,2
consists,2
tracking,2
undertakes,2
liquidation,2
instead,2
redeemed,2
ballots,2
redundancy,2
tokyo,2
media,2
suspension,2
explanations,2
levied,2
suffer,2
fines,2
disciplinary,2
cyberthreats,2
classified,2
litigations,2
civil,2
initiated,2
investigations,2
dashboards,2
mutual,2
taskforce,2
correct,2
approaching,2
indicate,2
nothing,2
paragraph,2
breach,2
advanced,2
varies,2
suffered,2
developments,2
japanese,2
exclusions,2
none,2
advertising,2
electrical,2
noting,2
combines,2
liquidated,2
runs,2
ranges,2
encompass,2
promptly,2
infringement,2
austrac,2
centre,2
suspected,2
amounts,2
graphic,2
excess,2
reference,2
forms,2
contingencies,2
elimination,2
limit,2
confirm,2
consultant,2
bennett,2
incoming,2
transfer,2
instructions,2
commissioned,2
valerie,2
alaskan,2
month,2
november,2
penalty,2
aud,2
usd,2
mgrs,2
technological,2
automation,2
equally,2
prioritization,2
balancing,2
semi,2
irrespective,2
coupled,2
holders,2
perpetual,2
evaluates,2
recognizes,2
forecasts,2
escalate,2
auditor,2
assumptions,2
lrm,2
allocation,2
currencies,2
refers,2
harmonizing,2
calculation,2
discretionary,2
implements,2
aap,2
prerequisite,2
tests,2
exert,2
geographies,2
macroeconomic,2
nomination,2
judiciary,2
title,2
declining,2
unlawful,2
copy,2
visibly,2
profiles,2
simulated,2
worthy,2
quantity,2
consolidation,2
standout,2
governs,2
plus,2
obligation,2
periodically,2
comparing,2
nominees,2
consisted,2
custodian,2
averaged,2
mips,2
pool,2
succession,2
someone,2
officials,2
attendance,2
conversion,2
limitation,2
wholly,2
insider,2
completeness,2
separately,2
overarching,2
punitive,2
distribute,2
mergers,2
ccf,2
reasonableness,2
estimations,2
extrapolations,2
legislation,2
timely,2
honest,2
racially,2
departures,2
cause,2
executing,2
reliability,2
continually,2
delivery,2
subcommittee,2
protecting,2
orientation,2
estimating,2
newly,2
observations,2
observation,2
entirely,2
purview,2
temporarily,2
severe,2
proactive,2
accurately,2
ending,2
licenses,2
charters,2
checking,2
contractor,2
outages,2
personnel,2
nyse,2
reconciliation,2
desktop,2
race,2
ethnicity,2
identity,2
disaster,2
lies,2
preparedness,2
defensive,2
writers,2
attest,2
intense,2
signatories,2
declaration,2
writing,2
universal,2
base,2
usa,2
representatives,2
diligent,2
goods,2
hire,2
procures,2
tangible,2
shortage,2
proof,2
organized,2
specialized,2
performs,2
teleconference,2
cannot,2
recruit,2
difficult,2
nationals,2
gilts,2
foreign,2
span,2
updates,2
receives,2
recover,2
breached,2
reason,2
puts,2
institute,2
outsourcing,2
facility,2
sample,2
supplies,2
applications,2
contracts,2
acwi,2
agreement,2
euro,2
adopted,2
consensus,2
norms,2
downtime,2
vast,2
source,2
lgbtq,2
belong,2
chamber,2
connected,2
usual,2
compiled,2
calculate,2
england,2
gnemsdc,2
inform,2
mbes,2
changed,2
analyses,2
passive,2
contractors,2
pace,2
method,2
motivating,2
median,2
qualified,2
intelligence,2
maintenance,2
disasters,2
execute,2
openings,2
remains,2
participation,2
course,2
rating,2
rgs,2
frequently,2
issuance,2
took,2
investable,2
triple,2
universe,2
double,2
extend,2
interview,2
examine,2
bame,2
mean,2
construct,2
emitters,2
affirmative,2
belonging,2
asking,2
priced,2
pose,2
hand,2
demonstrates,2
underserved,2
broadly,2
his,2
selves,2
mandate,2
upholding,2
arm,2
represented,2
methodologies,2
recognizing,2
pri,2
enabled,2
greatest,2
named,2
listen,2
sense,2
months,2
profession,2
enhancement,2
typical,2
guides,2
harvard,2
remained,2
achievement,2
voice,2
remote,2
saw,2
thinking,2
features,2
informative,2
sponsor,2
pathway,2
lacaille,2
interesting,2
interface,2
connections,2
centric,2
conference,2
everything,2
welcome,2
acceptance,2
expert,2
preferences,2
pillar,2
true,2
reprioritize,2
juneteenth,2
involved,2
measurable,2
pleased,2
authorities,2
plastic,2
sits,2
ambitious,2
effects,2
accepted,2
airports,2
calls,2
lastly,2
read,2
committing,2
inequities,2
utilities,2
governments,2
closing,2
hands,2
courses,2
studied,2
upstream,2
seven,2
opinion,2
condition,2
effect,2
offered,2
space,2
inequalities,2
fosters,2
nfr,2
healthier,2
sponsors,2
permanent,2
divisional,2
targeting,2
evolution,2
impacting,2
ldp,2
right,2
demonstrating,2
succeed,2
rotational,2
graduate,2
complement,2
carried,2
pdp,2
final,2
laid,2
tone,2
rise,2
unexpected,2
everyone,2
virtually,2
went,2
march,2
reward,2
introduced,2
transformation,2
originally,2
roll,2
october,2
quarter,2
incident,2
dramatically,2
moments,2
periodic,2
uphold,2
becoming,2
invites,2
graduation,2
search,2
children,2
sentiment,2
accounts,2
dependent,2
family,2
investigated,2
paper,2
addresses,2
match,2
sophisticated,2
paced,2
choosing,2
applied,2
might,2
merit,2
confidence,2
administration,2
founding,2
middle,2
east,2
widely,2
downstream,2
solve,2
founded,2
internship,2
paul,2
unless,2
wellness,2
structured,2
seminars,2
tuition,2
careers,2
academic,2
nongovernmental,2
collaborations,2
join,2
calendar,2
depth,2
seize,2
thoughtful,2
mind,2
backup,2
discussed,2
thoroughly,2
valued,2
edge,2
domestic,2
towards,2
stability,2
shape,2
charity,2
removed,2
application,2
beginning,2
benchmark,2
path,2
navigate,2
successfully,2
playing,2
heavily,2
relatively,2
organize,2
relief,2
joining,2
visit,2
invested,2
quincy,2
functionality,2
coming,2
fundraising,2
collaborative,2
directed,2
kindergarten,2
observed,2
grade,2
stem,2
engineering,2
accurate,2
creates,2
notably,2
whom,2
evaluating,2
wins,2
shown,2
fearless,2
activity,2
girl,2
hundreds,2
hardware,2
counsel,2
codes,2
disabled,2
capitalize,2
chair,2
respectively,2
announced,2
much,2
youth,2
nudge,2
maximizing,2
votes,2
guiding,2
emphasis,2
furthering,2
exhibiting,2
selected,2
donor,2
exception,2
corporations,2
link,2
mix,2
minimum,2
powerful,2
math,2
spectrum,2
came,2
participated,2
representing,2
particularly,2
shift,2
financially,2
relates,2
sufficiency,2
performers,2
affects,2
inc,2
hoc,2
room,2
channels,2
indirectly,2
promotes,2
vehicles,2
save,2
reduces,2
operates,2
comprises,2
pertaining,2
calculates,2
incentives,2
receiving,2
attributed,2
csp,2
shared,2
asks,2
returners,2
aggressive,2
socially,2
era,2
forefront,2
volunteers,2
refer,2
machine,2
obligate,1
misusing,1
entering,1
exercises,1
lawful,1
benchmarking,1
characterized,1
prescriptive,1
latam,1
misrepresenting,1
intends,1
facts,1
permissible,1
headcount,1
selling,1
executed,1
convey,1
bundling,1
linked,1
compromising,1
violate,1
departments,1
oversaw,1
wish,1
upheld,1
amidst,1
adhering,1
explain,1
explains,1
pushing,1
unfair,1
rewarding,1
wanted,1
forth,1
rationalization,1
dealing,1
hardworking,1
crmf,1
concepts,1
situation,1
discussing,1
capability,1
brightest,1
census,1
oriented,1
pulse,1
adaptive,1
prevented,1
initiating,1
escalated,1
computer,1
thereafter,1
intranet,1
nmental,1
rfps,1
provision,1
inspected,1
enviro,1
anticompetitive,1
monopoly,1
noncompliance,1
reflected,1
corresponds,1
handled,1
chapter,1
seriousness,1
generations,1
iridescent,1
unauthorized,1
keeping,1
technovation,1
club,1
housed,1
hope,1
fail,1
properly,1
overloaded,1
cyberattack,1
grievances,1
misconduct,1
cop,1
thefts,1
lay,1
substantiated,1
cyberevent,1
adversely,1
taxonomy,1
places,1
partially,1
corrupt,1
sections,1
secretary,1
dollar,1
offsite,1
facilitation,1
insurers,1
inaccurate,1
books,1
records,1
body,1
cognitive,1
mentioned,1
ground,1
damaged,1
leaks,1
saas,1
premise,1
slightly,1
exactly,1
inability,1
dollars,1
intensities,1
overweight,1
greener,1
shows,1
uncertainty,1
called,1
redsidual,1
flood,1
mispricing,1
map,1
combine,1
road,1
delineated,1
mismanagement,1
constrain,1
diversified,1
fluency,1
retraining,1
multifaceted,1
commensurate,1
manifestation,1
happening,1
encompassing,1
wage,1
outputs,1
express,1
joined,1
opaqueness,1
faster,1
slower,1
storms,1
powers,1
environments,1
grouped,1
plant,1
necessarily,1
losers,1
drawing,1
campaigns,1
rationale,1
decrease,1
insured,1
determinant,1
conversely,1
poorly,1
materialize,1
winners,1
signature,1
reposition,1
durations,1
shorter,1
compound,1
rated,1
pockets,1
influenced,1
repercussions,1
mitigated,1
relate,1
vulnerable,1
leveraged,1
unconnected,1
mortgages,1
extension,1
starting,1
tactical,1
derived,1
locating,1
commercial,1
floors,1
generates,1
partly,1
mismatch,1
ccar,1
schemes,1
detection,1
cro,1
fsb,1
analyzing,1
production,1
onpremise,1
felt,1
described,1
consulted,1
defining,1
tend,1
augmenting,1
treat,1
stresses,1
asked,1
ask,1
interviewed,1
specifically,1
occurs,1
exceptions,1
carrot,1
exist,1
forging,1
problematic,1
fast,1
dependence,1
persist,1
redundant,1
anticipating,1
sudden,1
transforming,1
stick,1
championing,1
verbal,1
announcing,1
claims,1
pearl,1
richard,1
malfeasance,1
illustrates,1
selecting,1
holistically,1
lobbying,1
lifecycle,1
charge,1
promise,1
handle,1
brands,1
name,1
june,1
abstain,1
recordkeeping,1
sbti,1
meaningfully,1
bear,1
warming,1
prominent,1
inputs,1
clarity,1
fulfil,1
disciplined,1
databases,1
outperform,1
highlight,1
maker,1
affiliations,1
unwavering,1
cdp,1
dominated,1
unep,1
side,1
answer,1
studies,1
financials,1
advocating,1
choices,1
electronic,1
avoid,1
thereby,1
exceeding,1
suggestions,1
develops,1
dublin,1
sao,1
brussels,1
vienna,1
sydney,1
melbourne,1
fukuoka,1
turin,1
milan,1
naas,1
kilkenny,1
vijayawada,1
certifying,1
pune,1
mumbai,1
hyderabad,1
coimbatore,1
chennai,1
bangalore,1
munich,1
leipzig,1
frankfurt,1
paris,1
paulo,1
bandar,1
seri,1
begawan,1
gdansk,1
shanghai,1
kong,1
hong,1
hangzhou,1
beijing,1
trondheim,1
bangkok,1
amsterdam,1
taipei,1
lumpur,1
kuala,1
helier,1
port,1
peter,1
guernsey,1
cayman,1
grand,1
vancouver,1
toronto,1
montreal,1
consultancy,1
conflict,1
solely,1
heather,1
imposes,1
preventing,1
realizing,1
moral,1
weakening,1
beliefs,1
upend,1
reminded,1
linear,1
pathogens,1
prompted,1
elevate,1
renamed,1
signal,1
ancillary,1
est,1
telephone,1
vsbennett,1
fundamentally,1
introduce,1
voiced,1
mcghee,1
writer,1
wyke,1
police,1
beth,1
verifiable,1
convergence,1
empirical,1
connecting,1
mounts,1
confident,1
embedding,1
marked,1
inflection,1
societies,1
elevating,1
criticality,1
servicer,1
witnessed,1
again,1
processed,1
dramatic,1
weaker,1
signaling,1
agility,1
krakow,1
riyadh,1
singapore,1
permitted,1
contained,1
involve,1
predict,1
uncertain,1
inherently,1
projections,1
assume,1
guaranteed,1
reliable,1
expiration,1
rtl,1
gbl,1
reserved,1
cultivating,1
undertaking,1
pursue,1
servicers,1
satisfaction,1
projected,1
note,1
contains,1
fullest,1
sole,1
distribution,1
sustainably,1
modify,1
reprint,1
granted,1
permission,1
html,1
https,1
looks,1
detrimental,1
invalid,1
incorrect,1
produces,1
connection,1
special,1
consequential,1
damages,1
tort,1
contract,1
valuable,1
disclaim,1
suitable,1
launching,1
retail,1
onward,1
seoul,1
indianapolis,1
estates,1
hoffman,1
chicago,1
illinois,1
atlanta,1
georgia,1
stamford,1
connecticut,1
san,1
sacramento,1
redwood,1
angeles,1
los,1
irvine,1
california,1
scottsdale,1
arizona,1
edinburgh,1
scotland,1
dhabi,1
abu,1
indiana,1
burlington,1
circumstance,1
cambridge,1
thereof,1
endorsement,1
construed,1
ventures,1
subsidiaries,1
expression,1
intellectual,1
listings,1
fulfills,1
zurich,1
luxembourg,1
austin,1
texas,1
berwyn,1
pennsylvania,1
charlotte,1
carolina,1
princeton,1
clifton,1
kansas,1
missouri,1
opposition,1
remarks,1
lenders,1
invests,1
imi,1
steward,1
array,1
eafe,1
adopting,1
acs,1
transformative,1
sri,1
quantify,1
stoxx,1
absence,1
thru,1
instituted,1
richer,1
collaboratively,1
systemically,1
ultimate,1
golden,1
endeavor,1
intangible,1
certifications,1
shortages,1
russell,1
tobacco,1
asx,1
trusts,1
predicated,1
macron,1
emmanuel,1
france,1
oneplanet,1
participant,1
cultivate,1
thrive,1
icgn,1
original,1
tracker,1
tpi,1
levers,1
kensho,1
africa,1
dedicate,1
corp,1
sustained,1
eur,1
emu,1
screend,1
eecs,1
dual,1
article,1
champions,1
morale,1
motivation,1
creativity,1
spark,1
genders,1
upgrading,1
unable,1
moment,1
hires,1
heads,1
reimbursement,1
enjoy,1
tailor,1
customize,1
executors,1
progression,1
observe,1
gauging,1
exceed,1
destination,1
recommended,1
ghr,1
embeds,1
meter,1
relations,1
square,1
officially,1
struggle,1
mainly,1
enduring,1
carry,1
likelihood,1
threat,1
ratios,1
prefer,1
breakdown,1
picture,1
compare,1
simple,1
man,1
woman,1
referenced,1
transgender,1
marriage,1
audiences,1
takes,1
complements,1
furthermore,1
recall,1
reissuing,1
extortion,1
friendly,1
diffusion,1
occupation,1
rejecting,1
abolition,1
complicit,1
proclaimed,1
coordinate,1
impactful,1
influencing,1
addressed,1
injustice,1
standing,1
reaffirming,1
adopter,1
trajectory,1
session,1
finally,1
criterion,1
weight,1
holds,1
postponed,1
demographics,1
opening,1
payroll,1
helpers,1
laborers,1
operatives,1
craft,1
sales,1
technicians,1
proposed,1
discourage,1
totals,1
pension,1
naics,1
establishment,1
ein,1
duns,1
test,1
county,1
suffolk,1
later,1
until,1
file,1
assign,1
tenure,1
lawsuits,1
vatican,1
accompany,1
errors,1
explaining,1
memo,1
signs,1
sign,1
sent,1
advises,1
sis,1
donated,1
statistical,1
lockdown,1
headquarter,1
assigned,1
random,1
quarters,1
rejection,1
cutoff,1
rejected,1
minorities,1
ordinary,1
thousands,1
competencies,1
strives,1
simplify,1
skill,1
attends,1
duties,1
deciding,1
few,1
vigilant,1
makers,1
interaction,1
down,1
happen,1
motivates,1
automate,1
announcement,1
stemming,1
optimized,1
appointment,1
cutting,1
differentiates,1
excelling,1
paramount,1
streamlining,1
viability,1
lenses,1
undergoing,1
gei,1
finding,1
completely,1
willing,1
qualification,1
requisite,1
underscored,1
listing,1
bullying,1
round,1
latest,1
ended,1
falling,1
eight,1
americans,1
judgment,1
applies,1
heightened,1
inspire,1
learnings,1
negatively,1
seeks,1
nationality,1
celebrated,1
uat,1
frequent,1
blend,1
sessions,1
learners,1
answers,1
monthly,1
turn,1
coaching,1
accomplished,1
volatile,1
refine,1
embraced,1
informally,1
formally,1
swept,1
february,1
simply,1
aspire,1
identities,1
avoidance,1
authorizes,1
amplifying,1
fifth,1
approves,1
parity,1
sized,1
aims,1
compostable,1
cafeteria,1
uncover,1
spring,1
supposed,1
step,1
dismantle,1
channel,1
coordination,1
declined,1
naacp,1
king,1
published,1
unequivocally,1
train,1
ssbt,1
paying,1
diversion,1
diverted,1
spearheaded,1
temperature,1
settings,1
feasibility,1
pro,1
eligibility,1
horrific,1
unfolded,1
floyd,1
breonna,1
taylor,1
pertain,1
immediate,1
flagged,1
aren,1
smd,1
combatting,1
latter,1
stage,1
half,1
minimizing,1
toilets,1
fountains,1
overburdened,1
scaled,1
grown,1
subsets,1
stringent,1
augmentation,1
gps,1
pinpoint,1
themselves,1
elder,1
screen,1
referrals,1
awarding,1
daycare,1
entitled,1
prohibition,1
clauses,1
intentionally,1
protects,1
gdpr,1
nist,1
fertility,1
spouses,1
streamline,1
speed,1
isos,1
loved,1
caretaker,1
habit,1
earn,1
consulting,1
fitness,1
shore,1
onshore,1
negotiate,1
reimbursements,1
discounts,1
discount,1
incentivize,1
catering,1
quotes,1
participating,1
print,1
instruments,1
programming,1
estimates,1
descriptions,1
news,1
valuations,1
prices,1
iteration,1
integrates,1
articles,1
adult,1
easy,1
attractive,1
gift,1
customs,1
curricula,1
maintains,1
dealt,1
noteworthy,1
easier,1
consistently,1
drawn,1
excellent,1
visibility,1
nominate,1
intuitive,1
signifies,1
instructor,1
acceptable,1
videos,1
owns,1
blogs,1
referral,1
acquisitions,1
flourishes,1
roth,1
dependents,1
sees,1
reconciliations,1
medical,1
dental,1
simulations,1
hygiene,1
entrusted,1
pre,1
stored,1
vivid,1
mental,1
optum,1
prospects,1
undergoes,1
prioritizing,1
clarifying,1
articulating,1
deal,1
rewards,1
narrowed,1
excluded,1
seismic,1
ment,1
polish,1
pef,1
transform,1
lives,1
young,1
partnering,1
dallagio,1
rugby,1
gateway,1
vocational,1
passionate,1
unemployed,1
livelihoods,1
standardization,1
underprivileged,1
reaffirmed,1
urban,1
csi,1
pollution,1
ups,1
sphere,1
impetus,1
regos,1
rethink,1
realignment,1
speaker,1
sharing,1
facilitating,1
faced,1
styrofoam,1
eliminating,1
participates,1
raises,1
feed,1
intend,1
invisible,1
multiyear,1
suit,1
employers,1
urged,1
hydro,1
visible,1
wildfire,1
aus,1
cookstove,1
commit,1
quantifiable,1
actually,1
prioritized,1
closer,1
innovations,1
connects,1
proven,1
tackle,1
placing,1
another,1
keenly,1
modest,1
banking,1
lessened,1
diminished,1
goalgoalstate,1
cumulative,1
delayed,1
elsewhere,1
ticked,1
deeply,1
efficiencies,1
celsius,1
degree,1
talents,1
nationally,1
collaborated,1
summer,1
subset,1
advantages,1
causes,1
matches,1
monetizes,1
biggest,1
doubled,1
individually,1
recorded,1
pivoted,1
collaborate,1
activating,1
panels,1
matched,1
tower,1
congress,1
dozens,1
flagship,1
mentors,1
altogether,1
cleanups,1
historically,1
recycled,1
grantmaking,1
spaces,1
courageous,1
acquiring,1
strongest,1
empowered,1
truly,1
organizes,1
cultural,1
pilot,1
loads,1
erg,1
honors,1
award,1
epa,1
don,1
designation,1
facilitated,1
wider,1
localized,1
installation,1
academy,1
logistics,1
communal,1
authentic,1
existence,1
curriculum,1
conversation,1
stream,1
decreased,1
whenever,1
composting,1
reusing,1
concern,1
abilities,1
assisting,1
apps,1
degreed,1
subcontractor,1
warm,1
covering,1
consecutive,1
presenting,1
tprm,1
webinar,1
optimize,1
mass,1
switch,1
partial,1
hydroelectric,1
dumped,1
farming,1
litter,1
graduating,1
utilizes,1
district,1
reddy,1
ranga,1
elementary,1
agricultural,1
lever,1
land,1
socio,1
enrollment,1
persistence,1
plantings,1
conservation,1
biodiverse,1
scopes,1
extending,1
mapped,1
pits,1
simultaneously,1
farms,1
spruce,1
tlingit,1
scholarships,1
directs,1
volunteerism,1
sequestration,1
ssf,1
southern,1
forests,1
redcedar,1
sitka,1
woodlands,1
conifer,1
mixed,1
acres,1
advise,1
bluesource,1
csps,1
monetizing,1
preserving,1
replanting,1
walls,1
controlled,1
falls,1
confusing,1
derivative,1
withdrawals,1
outflows,1
unacceptable,1
proceeds,1
produced,1
explored,1
migrating,1
treasurer,1
variances,1
attribution,1
scalable,1
automated,1
timeliness,1
expansion,1
contingency,1
warning,1
ssc,1
comparison,1
allocated,1
correlation,1
secured,1
trades,1
liquidate,1
tail,1
readings,1
escalates,1
sends,1
analyzes,1
idealratings,1
normal,1
sufficient,1
converted,1
adequate,1
shifts,1
liquidating,1
hypothetical,1
turmoil,1
crash,1
flash,1
sensitivities,1
iii,1
llc,1
trucost,1
sustainalytics,1
misleading,1
serviced,1
enrolled,1
afforable,1
knows,1
switching,1
attempted,1
vulnerability,1
spent,1
expenditures,1
municipality,1
susceptibility,1
ransomware,1
reliance,1
deferred,1
wastewater,1
treatment,1
staying,1
centralize,1
standardize,1
automating,1
deep,1
centralizes,1
analytic,1
corpaxe,1
issuers,1
vital,1
situations,1
anyone,1
nebraska,1
classifications,1
oregon,1
virginia,1
sewer,1
investigation,1
reasonable,1
consequences,1
faith,1
tolerate,1
completing,1
oneself,1
permit,1
except,1
anonymously,1
auditing,1
accessing,1
questionable,1
borrowing,1
escalating,1
supervision,1
concise,1
veteran,1
trustees,1
identifies,1
confidentiality,1
coordinates,1
defines,1
tremendous,1
kpis,1
clarifications,1
serving,1
appropriateness,1
validating,1
reworks,1
aggregation,1
achieves,1
coordinating,1
obsolescence,1
configuration,1
triggered,1
involvement,1
customizable,1
beneficiaries,1
subjected,1
significance,1
mature,1
polluters,1
reallocations,1
acquire,1
fuels,1
necessity,1
peak,1
fill,1
decreasing,1
leads,1
commonly,1
contributors,1
tangibly,1
obvious,1
posture,1
direction,1
forum,1
oversights,1
recalibrate,1
attack,1
hacks,1
attacks,1
phishing,1
harm,1
abroad,1
lend,1
domestically,1
newer,1
discussion,1
extremely,1
revaluation,1
installations,1
nontraditional,1
landscape,1
aligning,1
recently,1
totaled,1
enhancements,1
underwriting,1
necessitates,1
quick,1
substantial,1
collateralized,1
borrower,1
failure,1
indemnify,1
dealers,1
broker,1
polluting,1
hydrogen,1
cell,1
fiduciaries,1
differentiators,1
numerous,1
depend,1
pii,1
identifiable,1
personally,1
censoring,1
filtering,1
blocking,1
requested,1
adds,1
resell,1
etc,1
visited,1
combining,1
humidity,1
temperatures,1
siting,1
uninterruptible,1
practitioner,1
scheduling,1
booking,1
divisions,1
noticed,1
discloses,1
china,1
shifting,1
extensive,1
smoothly,1
rapid,1
endowments,1
foundations,1
retirement,1
colleagues,1
accelerated,1
contribution,1
indexed,1
timeline,1
shortened,1
knew,1
traits,1
aid,1
functionally,1
easily,1
payment,1
executes,1
injuries,1
informing,1
fees,1
assignments,1
builds,1
degrees,1
bachelor,1
positioning,1
jobs,1
placed,1
mfs,1
hedge,1
prospectus,1
prospective,1
documentation,1
constituent,1
case,1
warranties,1
families,1
safest,1
messaging,1
fairness,1
visitors,1
showcasing,1
referred,1
pioneer,1
mood,1
tier,1
links,1
proving,1
mutually,1
element,1
enterprises,1
affiliate,1
adjust,1
accommodate,1
evolved,1
msduk,1
begun,1
lgbt,1
putting,1
indicated,1
impossible,1
expressing,1
pacesetter,1
emotional,1
allot,1
portals,1
traction,1
contracted,1
subcontracting,1
productivity,1
kicking,1
occasional,1
cadence,1
protocols,1
understood,1
started,1
host,1
decade,1
utilization,1
happier,1
compressed,1
agents,1
becomes,1
immediately,1
notify,1
occurring,1
flextime,1
dozen,1
tracked,1
flexplace,1
dynamic,1
titles,1
aptitude,1
accelerates,1
predicting,1
aka,1
dispersion,1
calculated,1
coefficient,1
premised,1
variation,1
carefully,1
applicability,1
fall,1
differences,1
permanently,1
strengths,1
suspect,1
actionable,1
alternatives,1
hedging,1
indeed,1
surrounding,1
duration,1
advantage,1
discovered,1
demanding,1
incrementally,1
reimagining,1
bridge,1
worlds,1
theory,1
malpractice,1
manipulation,1
substantive,1
communicating,1
practical,1
popular,1
priorization,1
moves,1
asserting,1
illustrated,1
articulate,1
outstanding,1
lagging,1
pooled,1
redefine,1
preferred,1
study,1
counterparty,1
credentials,1
century,1
fits,1
mentoring,1
quantitive,1
sponsorship,1
instilling,1
incorporates,1
exposing,1
experiential,1
summarized,1
nuances,1
legacy,1
factortm,1
internships,1
explicit,1
cfa,1
definition,1
strictly,1
debate,1
introducing,1
equivalents,1
intern,1
isolate,1
fundamentals,1
techniques,1
productive,1
tilts,1
credible,1
deploying,1
balances,1
fostered,1
ambassadors,1
valuation,1
reliant,1
navigating,1
atypical,1
creative,1
versus,1
price,1
clearer,1
earnings,1
resolve,1
looked,1
challenged,1
exclude,1
stepped,1
consent,1
